IC,YEAR,IPID
CC,2024,134085
CC,2024,134107
CC,2024,134075
CC,2024,134071
CC,2024,134102
CC,2024,134124
CC,2024,134139
CC,2024,134117
CC,2024,134152
CC,2024,134164
CC,2024,138075
CC,2024,134070
CC,2024,134155
CC,2024,134111
CC,2024,134073
CC,2024,134063
CC,2024,134131
CC,2024,134170
CC,2024,134066
CC,2024,134108
CC,2024,134148
CC,2024,134086
CC,2024,134104
CC,2024,134165
CC,2024,134103
CC,2024,134080
CC,2024,134094
CC,2024,134084
CC,2024,134099
CC,2024,134074
CC,2024,134126
CC,2024,134060
CC,2024,134091
CC,2024,134133
CC,2024,134106
CC,2024,137173
CC,2024,134054
CC,2024,134169
CC,2024,134076
CC,2024,134068
CC,2024,134132
CC,2024,134161
CC,2024,134128
CC,2024,134166
CC,2024,134144
CC,2024,134168
CC,2024,134140
CC,2024,134069
CC,2024,134087
CC,2024,134059
CC,2024,134150
CC,2024,134119
CC,2024,134153
CC,2024,134088
CC,2024,134055
CC,2024,134149
CC,2024,134092
CC,2024,134162
CC,2024,134058
CC,2024,134100
CC,2024,134079
CC,2024,134123
CC,2024,134114
CC,2024,134113
CC,2024,134158
CC,2024,137333
CC,2024,134135
CC,2024,134078
CC,2024,134077
CC,2024,134110
CC,2024,134137
CC,2024,134154
CC,2024,134121
CC,2024,134083
CC,2024,134061
CC,2024,134138
CC,2024,134116
CC,2024,134112
CC,2024,134157
CC,2024,134118
CC,2024,134067
CC,2024,134120
CC,2024,134095
CC,2024,134105
CC,2024,137092
CC,2024,134098
CC,2024,134134
CC,2024,134130
CC,2024,134057
CC,2024,134064
CC,2024,134052
CC,2024,134096
CC,2024,134122
CC,2024,134147
CC,2024,134097
CC,2024,134062
CC,2024,134072
CC,2024,134146
CC,2024,134109
CC,2024,137153
CC,2024,134129
CC,2024,134081
CC,2024,134093
CC,2024,134160
CC,2024,134125
CC,2024,134090
CC,2024,134101
CC,2024,134163
CC,2024,134172
CC,2024,134145
CC,2024,134151
CC,2024,134156
CC,2024,134115
CC,2024,134082
CC,2024,134171
CC,2024,134159
NCATS,2024,134219
NCATS,2024,134186
NCATS,2024,137774
NCATS,2024,134175
NCATS,2024,137455
NCATS,2024,134282
NCATS,2024,134270
NCATS,2024,134301
NCATS,2024,134244
NCATS,2024,138200
NCATS,2024,134269
NCATS,2024,134274
NCATS,2024,137454
NCATS,2024,134249
NCATS,2024,134207
NCATS,2024,134234
NCATS,2024,137462
NCATS,2024,134213
NCATS,2024,138199
NCATS,2024,134264
NCATS,2024,134177
NCATS,2024,137995
NCATS,2024,138215
NCATS,2024,134276
NCATS,2024,134223
NCATS,2024,134278
NCATS,2024,134277
NCATS,2024,134220
NCATS,2024,134280
NCATS,2024,137459
NCATS,2024,134256
NCATS,2024,134262
NCATS,2024,134251
NCATS,2024,134202
NCATS,2024,134183
NCATS,2024,134174
NCATS,2024,134261
NCATS,2024,134221
NCATS,2024,138195
NCATS,2024,134225
NCATS,2024,134297
NCATS,2024,134203
NCATS,2024,137998
NCATS,2024,134281
NCATS,2024,134214
NCATS,2024,138203
NCATS,2024,134199
NCATS,2024,134188
NCATS,2024,137997
NCATS,2024,134185
NCATS,2024,138216
NCATS,2024,134200
NCATS,2024,134235
NCATS,2024,134224
NCATS,2024,134192
NCATS,2024,134198
NCATS,2024,134218
NCATS,2024,134298
NCATS,2024,134208
NCATS,2024,134295
NCATS,2024,137460
NCATS,2024,134187
NCATS,2024,134267
NCATS,2024,138197
NCATS,2024,134290
NCATS,2024,134299
NCATS,2024,134273
NCATS,2024,138217
NCATS,2024,134205
NCATS,2024,134197
NCATS,2024,134268
NCATS,2024,134271
NCATS,2024,134226
NCATS,2024,134242
NCATS,2024,134265
NCATS,2024,134206
NCATS,2024,134283
NCATS,2024,134246
NCATS,2024,137457
NCATS,2024,138196
NCATS,2024,134247
NCATS,2024,134260
NCATS,2024,138198
NCATS,2024,134257
NCATS,2024,134296
NCATS,2024,134184
NCATS,2024,137996
NCATS,2024,134176
NCATS,2024,134300
NCATS,2024,137467
NCATS,2024,134239
NCATS,2024,137458
NCATS,2024,137465
NCATS,2024,134179
NCATS,2024,138016
NCATS,2024,134255
NCATS,2024,134291
NCATS,2024,134195
NCATS,2024,134241
NCATS,2024,137463
NCATS,2024,137461
NCATS,2024,134254
NCATS,2024,134266
NCATS,2024,134263
NCATS,2024,134287
NCATS,2024,134210
NCATS,2024,137994
NCATS,2024,138201
NCATS,2024,134284
NCATS,2024,134294
NCATS,2024,137466
NCATS,2024,134194
NCATS,2024,134182
NCATS,2024,134201
NCATS,2024,134258
NCATS,2024,134217
NCATS,2024,138204
NCATS,2024,134252
NCATS,2024,134204
NCATS,2024,134233
NCATS,2024,134193
NCATS,2024,134222
NCATS,2024,134236
NCATS,2024,138194
NCATS,2024,134196
NCATS,2024,138202
NCATS,2024,134227
NCATS,2024,134248
NCATS,2024,134211
NCATS,2024,134272
NCATS,2024,134181
NCATS,2024,134293
NCATS,2024,134173
NCATS,2024,134259
NCATS,2024,134288
NCATS,2024,134212
NCATS,2024,134250
NCATS,2024,134253
NCATS,2024,138015
NCATS,2024,134279
NCATS,2024,134289
NCATS,2024,134292
NCATS,2024,134245
NCATS,2024,134240
NCATS,2024,138014
NCATS,2024,134209
NCATS,2024,137464
NCATS,2024,134180
NCATS,2024,134285
NCCIH,2024,134312
NCCIH,2024,134302
NCCIH,2024,134310
NCCIH,2024,134308
NCCIH,2024,134311
NCCIH,2024,134304
NCCIH,2024,138414
NCCIH,2024,134306
NCCIH,2024,134309
NCCIH,2024,134305
NCCIH,2024,134307
NCCIH,2024,134303
NCI,2024,134911
NCI,2024,138348
NCI,2024,135028
NCI,2024,134375
NCI,2024,135055
NCI,2024,134833
NCI,2024,135161
NCI,2024,134513
NCI,2024,135150
NCI,2024,134895
NCI,2024,134621
NCI,2024,134533
NCI,2024,135006
NCI,2024,134907
NCI,2024,134579
NCI,2024,134365
NCI,2024,135095
NCI,2024,134769
NCI,2024,134608
NCI,2024,135017
NCI,2024,134832
NCI,2024,138337
NCI,2024,134877
NCI,2024,134385
NCI,2024,134446
NCI,2024,138335
NCI,2024,134642
NCI,2024,134727
NCI,2024,134413
NCI,2024,134343
NCI,2024,134377
NCI,2024,134584
NCI,2024,134728
NCI,2024,134421
NCI,2024,138346
NCI,2024,135100
NCI,2024,138341
NCI,2024,135072
NCI,2024,134845
NCI,2024,135097
NCI,2024,134580
NCI,2024,135035
NCI,2024,134543
NCI,2024,134809
NCI,2024,134849
NCI,2024,134980
NCI,2024,135127
NCI,2024,134939
NCI,2024,134884
NCI,2024,134776
NCI,2024,134650
NCI,2024,134554
NCI,2024,134904
NCI,2024,135110
NCI,2024,135040
NCI,2024,134698
NCI,2024,134636
NCI,2024,134313
NCI,2024,134694
NCI,2024,134879
NCI,2024,134374
NCI,2024,134899
NCI,2024,134634
NCI,2024,134997
NCI,2024,134441
NCI,2024,134771
NCI,2024,135145
NCI,2024,134558
NCI,2024,134331
NCI,2024,135063
NCI,2024,134316
NCI,2024,134335
NCI,2024,134797
NCI,2024,134476
NCI,2024,134850
NCI,2024,134349
NCI,2024,134758
NCI,2024,134751
NCI,2024,134326
NCI,2024,134961
NCI,2024,135156
NCI,2024,134684
NCI,2024,134886
NCI,2024,134990
NCI,2024,134763
NCI,2024,134854
NCI,2024,134744
NCI,2024,134353
NCI,2024,134813
NCI,2024,134828
NCI,2024,134336
NCI,2024,134753
NCI,2024,134382
NCI,2024,135125
NCI,2024,134450
NCI,2024,134958
NCI,2024,134527
NCI,2024,134660
NCI,2024,134384
NCI,2024,134426
NCI,2024,134924
NCI,2024,134981
NCI,2024,134345
NCI,2024,134494
NCI,2024,134371
NCI,2024,134948
NCI,2024,134989
NCI,2024,134368
NCI,2024,134964
NCI,2024,134919
NCI,2024,135107
NCI,2024,135064
NCI,2024,134742
NCI,2024,134987
NCI,2024,134798
NCI,2024,134534
NCI,2024,135136
NCI,2024,134616
NCI,2024,134817
NCI,2024,134963
NCI,2024,135034
NCI,2024,134592
NCI,2024,135087
NCI,2024,134505
NCI,2024,134598
NCI,2024,135155
NCI,2024,134691
NCI,2024,134702
NCI,2024,134443
NCI,2024,134724
NCI,2024,134766
NCI,2024,135031
NCI,2024,134923
NCI,2024,134692
NCI,2024,134651
NCI,2024,134837
NCI,2024,134656
NCI,2024,134320
NCI,2024,134493
NCI,2024,134690
NCI,2024,135081
NCI,2024,134683
NCI,2024,134589
NCI,2024,134590
NCI,2024,134461
NCI,2024,134754
NCI,2024,134826
NCI,2024,134793
NCI,2024,135113
NCI,2024,134726
NCI,2024,134982
NCI,2024,134791
NCI,2024,135118
NCI,2024,134437
NCI,2024,135066
NCI,2024,134030
NCI,2024,134816
NCI,2024,134667
NCI,2024,134509
NCI,2024,134378
NCI,2024,134360
NCI,2024,134400
NCI,2024,135152
NCI,2024,134979
NCI,2024,134910
NCI,2024,135056
NCI,2024,135051
NCI,2024,134414
NCI,2024,135014
NCI,2024,134517
NCI,2024,134583
NCI,2024,134648
NCI,2024,134389
NCI,2024,134632
NCI,2024,134787
NCI,2024,134985
NCI,2024,138343
NCI,2024,138360
NCI,2024,134587
NCI,2024,134785
NCI,2024,135067
NCI,2024,134629
NCI,2024,135050
NCI,2024,134962
NCI,2024,134857
NCI,2024,134604
NCI,2024,134685
NCI,2024,134745
NCI,2024,134601
NCI,2024,134395
NCI,2024,134431
NCI,2024,134811
NCI,2024,135141
NCI,2024,135121
NCI,2024,134864
NCI,2024,134597
NCI,2024,134627
NCI,2024,134645
NCI,2024,134807
NCI,2024,134861
NCI,2024,134570
NCI,2024,135057
NCI,2024,135098
NCI,2024,134582
NCI,2024,134652
NCI,2024,138361
NCI,2024,134822
NCI,2024,135112
NCI,2024,134529
NCI,2024,134880
NCI,2024,134761
NCI,2024,134459
NCI,2024,134328
NCI,2024,134805
NCI,2024,134951
NCI,2024,134732
NCI,2024,135059
NCI,2024,134790
NCI,2024,134415
NCI,2024,134408
NCI,2024,134490
NCI,2024,135114
NCI,2024,134757
NCI,2024,135132
NCI,2024,134478
NCI,2024,135123
NCI,2024,134977
NCI,2024,134674
NCI,2024,135109
NCI,2024,135021
NCI,2024,134722
NCI,2024,138342
NCI,2024,134332
NCI,2024,134814
NCI,2024,134991
NCI,2024,135012
NCI,2024,134556
NCI,2024,134967
NCI,2024,134746
NCI,2024,134483
NCI,2024,134322
NCI,2024,134454
NCI,2024,135007
NCI,2024,135069
NCI,2024,134354
NCI,2024,134528
NCI,2024,135124
NCI,2024,134661
NCI,2024,134663
NCI,2024,134965
NCI,2024,135146
NCI,2024,134767
NCI,2024,134875
NCI,2024,138340
NCI,2024,134774
NCI,2024,134532
NCI,2024,134863
NCI,2024,135126
NCI,2024,134914
NCI,2024,135120
NCI,2024,134391
NCI,2024,135004
NCI,2024,134603
NCI,2024,134956
NCI,2024,135144
NCI,2024,135011
NCI,2024,134423
NCI,2024,134455
NCI,2024,134720
NCI,2024,134927
NCI,2024,134815
NCI,2024,134870
NCI,2024,134894
NCI,2024,135048
NCI,2024,134834
NCI,2024,134909
NCI,2024,134734
NCI,2024,134340
NCI,2024,135009
NCI,2024,135128
NCI,2024,138344
NCI,2024,134851
NCI,2024,134611
NCI,2024,134915
NCI,2024,134398
NCI,2024,134711
NCI,2024,135143
NCI,2024,134477
NCI,2024,134617
NCI,2024,134887
NCI,2024,134547
NCI,2024,134419
NCI,2024,134768
NCI,2024,135049
NCI,2024,134846
NCI,2024,134994
NCI,2024,134867
NCI,2024,138352
NCI,2024,134406
NCI,2024,134906
NCI,2024,134882
NCI,2024,134571
NCI,2024,135032
NCI,2024,134878
NCI,2024,134780
NCI,2024,135053
NCI,2024,134573
NCI,2024,134425
NCI,2024,134347
NCI,2024,134433
NCI,2024,134824
NCI,2024,134535
NCI,2024,134662
NCI,2024,134749
NCI,2024,134549
NCI,2024,134675
NCI,2024,134978
NCI,2024,134538
NCI,2024,135058
NCI,2024,134888
NCI,2024,134933
NCI,2024,134827
NCI,2024,134897
NCI,2024,135002
NCI,2024,134599
NCI,2024,134703
NCI,2024,134955
NCI,2024,135130
NCI,2024,134986
NCI,2024,138339
NCI,2024,134796
NCI,2024,134775
NCI,2024,134471
NCI,2024,134871
NCI,2024,135080
NCI,2024,134829
NCI,2024,135027
NCI,2024,134637
NCI,2024,135029
NCI,2024,134731
NCI,2024,135026
NCI,2024,134333
NCI,2024,135023
NCI,2024,138351
NCI,2024,134410
NCI,2024,134764
NCI,2024,134640
NCI,2024,134672
NCI,2024,134881
NCI,2024,138359
NCI,2024,134718
NCI,2024,134733
NCI,2024,134869
NCI,2024,134323
NCI,2024,134357
NCI,2024,134619
NCI,2024,134610
NCI,2024,135054
NCI,2024,134668
NCI,2024,135045
NCI,2024,134503
NCI,2024,134614
NCI,2024,135019
NCI,2024,134949
NCI,2024,134783
NCI,2024,134802
NCI,2024,135015
NCI,2024,135137
NCI,2024,134843
NCI,2024,134474
NCI,2024,134950
NCI,2024,134665
NCI,2024,134844
NCI,2024,134468
NCI,2024,134952
NCI,2024,134452
NCI,2024,134373
NCI,2024,134658
NCI,2024,134673
NCI,2024,134840
NCI,2024,138358
NCI,2024,134970
NCI,2024,134495
NCI,2024,134466
NCI,2024,134808
NCI,2024,134591
NCI,2024,134925
NCI,2024,135131
NCI,2024,134346
NCI,2024,134976
NCI,2024,135108
NCI,2024,134575
NCI,2024,134704
NCI,2024,135025
NCI,2024,134714
NCI,2024,134407
NCI,2024,134942
NCI,2024,134891
NCI,2024,135148
NCI,2024,134664
NCI,2024,134585
NCI,2024,134922
NCI,2024,135046
NCI,2024,134314
NCI,2024,134613
NCI,2024,135016
NCI,2024,135013
NCI,2024,134420
NCI,2024,135085
NCI,2024,135129
NCI,2024,134926
NCI,2024,135160
NCI,2024,134944
NCI,2024,135061
NCI,2024,134403
NCI,2024,135086
NCI,2024,134481
NCI,2024,134686
NCI,2024,134689
NCI,2024,135079
NCI,2024,135111
NCI,2024,134968
NCI,2024,134473
NCI,2024,134647
NCI,2024,134972
NCI,2024,134581
NCI,2024,134635
NCI,2024,134865
NCI,2024,134848
NCI,2024,134836
NCI,2024,134902
NCI,2024,134858
NCI,2024,134488
NCI,2024,135158
NCI,2024,134810
NCI,2024,134748
NCI,2024,134930
NCI,2024,134975
NCI,2024,135033
NCI,2024,134709
NCI,2024,134820
NCI,2024,135039
NCI,2024,134594
NCI,2024,134540
NCI,2024,137413
NCI,2024,134430
NCI,2024,134725
NCI,2024,134552
NCI,2024,134931
NCI,2024,134630
NCI,2024,134519
NCI,2024,134596
NCI,2024,134762
NCI,2024,134620
NCI,2024,134777
NCI,2024,134432
NCI,2024,134321
NCI,2024,134760
NCI,2024,135073
NCI,2024,134462
NCI,2024,134329
NCI,2024,134341
NCI,2024,134782
NCI,2024,134953
NCI,2024,135062
NCI,2024,134514
NCI,2024,134738
NCI,2024,134934
NCI,2024,134649
NCI,2024,134995
NCI,2024,135044
NCI,2024,134470
NCI,2024,135101
NCI,2024,134736
NCI,2024,134475
NCI,2024,134819
NCI,2024,134526
NCI,2024,134929
NCI,2024,134472
NCI,2024,134361
NCI,2024,135083
NCI,2024,135105
NCI,2024,134779
NCI,2024,134747
NCI,2024,134562
NCI,2024,134405
NCI,2024,134448
NCI,2024,134666
NCI,2024,134560
NCI,2024,134643
NCI,2024,135024
NCI,2024,134862
NCI,2024,134463
NCI,2024,134439
NCI,2024,135147
NCI,2024,134801
NCI,2024,134609
NCI,2024,134679
NCI,2024,135090
NCI,2024,134677
NCI,2024,134564
NCI,2024,134699
NCI,2024,135008
NCI,2024,135018
NCI,2024,134928
NCI,2024,135117
NCI,2024,134818
NCI,2024,134999
NCI,2024,134969
NCI,2024,134723
NCI,2024,135122
NCI,2024,134508
NCI,2024,134974
NCI,2024,134773
NCI,2024,135084
NCI,2024,134612
NCI,2024,134569
NCI,2024,134655
NCI,2024,134781
NCI,2024,134706
NCI,2024,134639
NCI,2024,135153
NCI,2024,134396
NCI,2024,134412
NCI,2024,134625
NCI,2024,134778
NCI,2024,134792
NCI,2024,135142
NCI,2024,134707
NCI,2024,134701
NCI,2024,135092
NCI,2024,135038
NCI,2024,134831
NCI,2024,134713
NCI,2024,135103
NCI,2024,134700
NCI,2024,134936
NCI,2024,135052
NCI,2024,134606
NCI,2024,134334
NCI,2024,134789
NCI,2024,134506
NCI,2024,134372
NCI,2024,134557
NCI,2024,134559
NCI,2024,134659
NCI,2024,134889
NCI,2024,134954
NCI,2024,138356
NCI,2024,134971
NCI,2024,134355
NCI,2024,134428
NCI,2024,134504
NCI,2024,134436
NCI,2024,134394
NCI,2024,135094
NCI,2024,134561
NCI,2024,134859
NCI,2024,134710
NCI,2024,134708
NCI,2024,134359
NCI,2024,134803
NCI,2024,134898
NCI,2024,138345
NCI,2024,134644
NCI,2024,134401
NCI,2024,134841
NCI,2024,138357
NCI,2024,134716
NCI,2024,134938
NCI,2024,134386
NCI,2024,134399
NCI,2024,135091
NCI,2024,134586
NCI,2024,134444
NCI,2024,134940
NCI,2024,134957
NCI,2024,134402
NCI,2024,134492
NCI,2024,134795
NCI,2024,134800
NCI,2024,138347
NCI,2024,134523
NCI,2024,134646
NCI,2024,135089
NCI,2024,135041
NCI,2024,135102
NCI,2024,135010
NCI,2024,134688
NCI,2024,134670
NCI,2024,134429
NCI,2024,135088
NCI,2024,134418
NCI,2024,134765
NCI,2024,134600
NCI,2024,134605
NCI,2024,134682
NCI,2024,134438
NCI,2024,134752
NCI,2024,134835
NCI,2024,134381
NCI,2024,134363
NCI,2024,134510
NCI,2024,134511
NCI,2024,134680
NCI,2024,134966
NCI,2024,135005
NCI,2024,134348
NCI,2024,134464
NCI,2024,134339
NCI,2024,134469
NCI,2024,134593
NCI,2024,135070
NCI,2024,134756
NCI,2024,134786
NCI,2024,134479
NCI,2024,138338
NCI,2024,134427
NCI,2024,134945
NCI,2024,134729
NCI,2024,134947
NCI,2024,134959
NCI,2024,135003
NCI,2024,135076
NCI,2024,134715
NCI,2024,134507
NCI,2024,134839
NCI,2024,135060
NCI,2024,134669
NCI,2024,135074
NCI,2024,134337
NCI,2024,134794
NCI,2024,134491
NCI,2024,135030
NCI,2024,134442
NCI,2024,134516
NCI,2024,134799
NCI,2024,134759
NCI,2024,134536
NCI,2024,135115
NCI,2024,134740
NCI,2024,134602
NCI,2024,134607
NCI,2024,138336
NCI,2024,134451
NCI,2024,134531
NCI,2024,135096
NCI,2024,135075
NCI,2024,134885
NCI,2024,135042
NCI,2024,134553
NCI,2024,134973
NCI,2024,134416
NCI,2024,134681
NCI,2024,134546
NCI,2024,135068
NCI,2024,134622
NCI,2024,134521
NCI,2024,134344
NCI,2024,134541
NCI,2024,134457
NCI,2024,134434
NCI,2024,134993
NCI,2024,135078
NCI,2024,135139
NCI,2024,134318
NCI,2024,135043
NCI,2024,134574
NCI,2024,134330
NCI,2024,134868
NCI,2024,134866
NCI,2024,134739
NCI,2024,135106
NCI,2024,134595
NCI,2024,135022
NCI,2024,134576
NCI,2024,134998
NCI,2024,134338
NCI,2024,137253
NCI,2024,134918
NCI,2024,135099
NCI,2024,135104
NCI,2024,134445
NCI,2024,134678
NCI,2024,134364
NCI,2024,134548
NCI,2024,134542
NCI,2024,134489
NCI,2024,134653
NCI,2024,134638
NCI,2024,134539
NCI,2024,134696
NCI,2024,134905
NCI,2024,134319
NCI,2024,135134
NCI,2024,134376
NCI,2024,134424
NCI,2024,134917
NCI,2024,138334
NCI,2024,135000
NCI,2024,134913
NCI,2024,134453
NCI,2024,134624
NCI,2024,134628
NCI,2024,134657
NCI,2024,134317
NCI,2024,134842
NCI,2024,135047
NCI,2024,134496
NCI,2024,134518
NCI,2024,134351
NCI,2024,134916
NCI,2024,134498
NCI,2024,134577
NCI,2024,134480
NCI,2024,134578
NCI,2024,134588
NCI,2024,134812
NCI,2024,135093
NCI,2024,134393
NCI,2024,134984
NCI,2024,134730
NCI,2024,135138
NCI,2024,135001
NCI,2024,134440
NCI,2024,134545
NCI,2024,134512
NCI,2024,134522
NCI,2024,134750
NCI,2024,134883
NCI,2024,134551
NCI,2024,134712
NCI,2024,134615
NCI,2024,134572
NCI,2024,134937
NCI,2024,134943
NCI,2024,134388
NCI,2024,135157
NCI,2024,135116
NCI,2024,134383
NCI,2024,134633
NCI,2024,134996
NCI,2024,134525
NCI,2024,134912
NCI,2024,134366
NCI,2024,134631
NCI,2024,134893
NCI,2024,134422
NCI,2024,135082
NCI,2024,134896
NCI,2024,134932
NCI,2024,134456
NCI,2024,134770
NCI,2024,134623
NCI,2024,135065
NCI,2024,134719
NCI,2024,134342
NCI,2024,134735
NCI,2024,134853
NCI,2024,134838
NCI,2024,134941
NCI,2024,134830
NCI,2024,134520
NCI,2024,134821
NCI,2024,134417
NCI,2024,135077
NCI,2024,134486
NCI,2024,134847
NCI,2024,134370
NCI,2024,134409
NCI,2024,134324
NCI,2024,134390
NCI,2024,135151
NCI,2024,134983
NCI,2024,134369
NCI,2024,135037
NCI,2024,134825
NCI,2024,135149
NCI,2024,134530
NCI,2024,134467
NCI,2024,134721
NCI,2024,134784
NCI,2024,134315
NCI,2024,134544
NCI,2024,134946
NCI,2024,134358
NCI,2024,134717
NCI,2024,134804
NCI,2024,134411
NCI,2024,134693
NCI,2024,134524
NCI,2024,134550
NCI,2024,134379
NCI,2024,135133
NCI,2024,134935
NCI,2024,134671
NCI,2024,134737
NCI,2024,134892
NCI,2024,134705
NCI,2024,138350
NCI,2024,134697
NCI,2024,134404
NCI,2024,134992
NCI,2024,134641
NCI,2024,134960
NCI,2024,134788
NCI,2024,134460
NCI,2024,134806
NCI,2024,134487
NCI,2024,134515
NCI,2024,134537
NCI,2024,135154
NCI,2024,135071
NCI,2024,134855
NCI,2024,134380
NCI,2024,134654
NCI,2024,134387
NCI,2024,134823
NCI,2024,134482
NCI,2024,134568
NCI,2024,135020
NCI,2024,134447
NCI,2024,134563
NEI,2024,135224
NEI,2024,135233
NEI,2024,135185
NEI,2024,135214
NEI,2024,135219
NEI,2024,135209
NEI,2024,135191
NEI,2024,135218
NEI,2024,135199
NEI,2024,135227
NEI,2024,135177
NEI,2024,135208
NEI,2024,135222
NEI,2024,135236
NEI,2024,135187
NEI,2024,135228
NEI,2024,135163
NEI,2024,135229
NEI,2024,135200
NEI,2024,135189
NEI,2024,135203
NEI,2024,135198
NEI,2024,135204
NEI,2024,135206
NEI,2024,135215
NEI,2024,135170
NEI,2024,135178
NEI,2024,135162
NEI,2024,135167
NEI,2024,135213
NEI,2024,135168
NEI,2024,135232
NEI,2024,135223
NEI,2024,135226
NEI,2024,135235
NEI,2024,135186
NEI,2024,135211
NEI,2024,135194
NEI,2024,135179
NEI,2024,135174
NEI,2024,135216
NEI,2024,135205
NEI,2024,135193
NEI,2024,135175
NEI,2024,135165
NEI,2024,135172
NEI,2024,135202
NEI,2024,135192
NEI,2024,135212
NEI,2024,135234
NEI,2024,135188
NEI,2024,135173
NEI,2024,135196
NEI,2024,135176
NEI,2024,135183
NEI,2024,135207
NEI,2024,135217
NEI,2024,135221
NEI,2024,132629
NEI,2024,135171
NEI,2024,135181
NEI,2024,135166
NEI,2024,135220
NEI,2024,135195
NEI,2024,135169
NEI,2024,135231
NEI,2024,135201
NEI,2024,135182
NEI,2024,135210
NEI,2024,135225
NEI,2024,135230
NEI,2024,135197
NEI,2024,135190
NEI,2024,135184
NEI,2024,137713
NHGRI,2024,135290
NHGRI,2024,135283
NHGRI,2024,135293
NHGRI,2024,135311
NHGRI,2024,135308
NHGRI,2024,135303
NHGRI,2024,135269
NHGRI,2024,135304
NHGRI,2024,135278
NHGRI,2024,135305
NHGRI,2024,135244
NHGRI,2024,135279
NHGRI,2024,135297
NHGRI,2024,135277
NHGRI,2024,135288
NHGRI,2024,135260
NHGRI,2024,135310
NHGRI,2024,135289
NHGRI,2024,135281
NHGRI,2024,135247
NHGRI,2024,135263
NHGRI,2024,135296
NHGRI,2024,135298
NHGRI,2024,135280
NHGRI,2024,135291
NHGRI,2024,135245
NHGRI,2024,135272
NHGRI,2024,135267
NHGRI,2024,135255
NHGRI,2024,135264
NHGRI,2024,135253
NHGRI,2024,135287
NHGRI,2024,137433
NHGRI,2024,135285
NHGRI,2024,135284
NHGRI,2024,135252
NHGRI,2024,135241
NHGRI,2024,135242
NHGRI,2024,135306
NHGRI,2024,135282
NHGRI,2024,135262
NHGRI,2024,135295
NHGRI,2024,138174
NHGRI,2024,135292
NHGRI,2024,135307
NHGRI,2024,135274
NHGRI,2024,135259
NHGRI,2024,135268
NHGRI,2024,135265
NHGRI,2024,135270
NHGRI,2024,135256
NHGRI,2024,135257
NHGRI,2024,135299
NHGRI,2024,135250
NHGRI,2024,135240
NHGRI,2024,135243
NHGRI,2024,135273
NHGRI,2024,135251
NHGRI,2024,135301
NHGRI,2024,135271
NHGRI,2024,135258
NHGRI,2024,135286
NHGRI,2024,135276
NHGRI,2024,135294
NHGRI,2024,135309
NHGRI,2024,135302
NHGRI,2024,135275
NHGRI,2024,135254
NHGRI,2024,135249
NHGRI,2024,135239
NHGRI,2024,135266
NHGRI,2024,135261
NHGRI,2024,135238
NHLBI,2024,135415
NHLBI,2024,135419
NHLBI,2024,135471
NHLBI,2024,135340
NHLBI,2024,135465
NHLBI,2024,135377
NHLBI,2024,135429
NHLBI,2024,138254
NHLBI,2024,135470
NHLBI,2024,135462
NHLBI,2024,135439
NHLBI,2024,135409
NHLBI,2024,135484
NHLBI,2024,125733
NHLBI,2024,135486
NHLBI,2024,135362
NHLBI,2024,135395
NHLBI,2024,135467
NHLBI,2024,135456
NHLBI,2024,135401
NHLBI,2024,135410
NHLBI,2024,135402
NHLBI,2024,135468
NHLBI,2024,135332
NHLBI,2024,135390
NHLBI,2024,129088
NHLBI,2024,135473
NHLBI,2024,135408
NHLBI,2024,135413
NHLBI,2024,135414
NHLBI,2024,135435
NHLBI,2024,135333
NHLBI,2024,135445
NHLBI,2024,135331
NHLBI,2024,135344
NHLBI,2024,135443
NHLBI,2024,135319
NHLBI,2024,135472
NHLBI,2024,135387
NHLBI,2024,135364
NHLBI,2024,135315
NHLBI,2024,135397
NHLBI,2024,135418
NHLBI,2024,135405
NHLBI,2024,135421
NHLBI,2024,135422
NHLBI,2024,135434
NHLBI,2024,135349
NHLBI,2024,135353
NHLBI,2024,135448
NHLBI,2024,135483
NHLBI,2024,135372
NHLBI,2024,135318
NHLBI,2024,135338
NHLBI,2024,135383
NHLBI,2024,135432
NHLBI,2024,135403
NHLBI,2024,135352
NHLBI,2024,135380
NHLBI,2024,135406
NHLBI,2024,135370
NHLBI,2024,135398
NHLBI,2024,135446
NHLBI,2024,135324
NHLBI,2024,135368
NHLBI,2024,135407
NHLBI,2024,135437
NHLBI,2024,135393
NHLBI,2024,135416
NHLBI,2024,135350
NHLBI,2024,135345
NHLBI,2024,135385
NHLBI,2024,135466
NHLBI,2024,135479
NHLBI,2024,135450
NHLBI,2024,135426
NHLBI,2024,135343
NHLBI,2024,135382
NHLBI,2024,135321
NHLBI,2024,135391
NHLBI,2024,135427
NHLBI,2024,135438
NHLBI,2024,135376
NHLBI,2024,135361
NHLBI,2024,135366
NHLBI,2024,135334
NHLBI,2024,135348
NHLBI,2024,135336
NHLBI,2024,135355
NHLBI,2024,135396
NHLBI,2024,135341
NHLBI,2024,135444
NHLBI,2024,135351
NHLBI,2024,135404
NHLBI,2024,135461
NHLBI,2024,135451
NHLBI,2024,135477
NHLBI,2024,135436
NHLBI,2024,135388
NHLBI,2024,135433
NHLBI,2024,135329
NHLBI,2024,135458
NHLBI,2024,135411
NHLBI,2024,135322
NHLBI,2024,135325
NHLBI,2024,135389
NHLBI,2024,135475
NHLBI,2024,135359
NHLBI,2024,135441
NHLBI,2024,135381
NHLBI,2024,135425
NHLBI,2024,135464
NHLBI,2024,133870
NHLBI,2024,137133
NHLBI,2024,135314
NHLBI,2024,135440
NHLBI,2024,135339
NHLBI,2024,135420
NHLBI,2024,135400
NHLBI,2024,135327
NHLBI,2024,135323
NHLBI,2024,135399
NHLBI,2024,135449
NHLBI,2024,135369
NHLBI,2024,135480
NHLBI,2024,135373
NHLBI,2024,135478
NHLBI,2024,135356
NHLBI,2024,135317
NHLBI,2024,135460
NHLBI,2024,135335
NHLBI,2024,135394
NHLBI,2024,135454
NHLBI,2024,135379
NHLBI,2024,135365
NHLBI,2024,138394
NHLBI,2024,135312
NHLBI,2024,135326
NHLBI,2024,135346
NHLBI,2024,135367
NHLBI,2024,135357
NHLBI,2024,135320
NHLBI,2024,135375
NHLBI,2024,134010
NHLBI,2024,135431
NHLBI,2024,135476
NHLBI,2024,135374
NHLBI,2024,135342
NHLBI,2024,135455
NHLBI,2024,135330
NHLBI,2024,135469
NHLBI,2024,135417
NHLBI,2024,135378
NHLBI,2024,135459
NHLBI,2024,135482
NHLBI,2024,135424
NHLBI,2024,135386
NHLBI,2024,135392
NHLBI,2024,135316
NHLBI,2024,135452
NHLBI,2024,135371
NHLBI,2024,135384
NHLBI,2024,135347
NHLBI,2024,135363
NHLBI,2024,135481
NHLBI,2024,135360
NHLBI,2024,135474
NHLBI,2024,135354
NHLBI,2024,135485
NHLBI,2024,135328
NIA,2024,135535
NIA,2024,135647
NIA,2024,135487
NIA,2024,135700
NIA,2024,135678
NIA,2024,135558
NIA,2024,135521
NIA,2024,135594
NIA,2024,135525
NIA,2024,135541
NIA,2024,135636
NIA,2024,135553
NIA,2024,135627
NIA,2024,135515
NIA,2024,135664
NIA,2024,135685
NIA,2024,137600
NIA,2024,135524
NIA,2024,135493
NIA,2024,135567
NIA,2024,135655
NIA,2024,135615
NIA,2024,135686
NIA,2024,137599
NIA,2024,135529
NIA,2024,135492
NIA,2024,135612
NIA,2024,135579
NIA,2024,135694
NIA,2024,135657
NIA,2024,135621
NIA,2024,135498
NIA,2024,135607
NIA,2024,137601
NIA,2024,135697
NIA,2024,135518
NIA,2024,135520
NIA,2024,135551
NIA,2024,135547
NIA,2024,135503
NIA,2024,135565
NIA,2024,135681
NIA,2024,137614
NIA,2024,135583
NIA,2024,137654
NIA,2024,135591
NIA,2024,135683
NIA,2024,135536
NIA,2024,135592
NIA,2024,135507
NIA,2024,135701
NIA,2024,135585
NIA,2024,135491
NIA,2024,135677
NIA,2024,135562
NIA,2024,135597
NIA,2024,135519
NIA,2024,135496
NIA,2024,135652
NIA,2024,135514
NIA,2024,135634
NIA,2024,137596
NIA,2024,135693
NIA,2024,137597
NIA,2024,135559
NIA,2024,135684
NIA,2024,135638
NIA,2024,135500
NIA,2024,135552
NIA,2024,135584
NIA,2024,135671
NIA,2024,135563
NIA,2024,135600
NIA,2024,135590
NIA,2024,135578
NIA,2024,135674
NIA,2024,135543
NIA,2024,135494
NIA,2024,135659
NIA,2024,135593
NIA,2024,135617
NIA,2024,135649
NIA,2024,137693
NIA,2024,135599
NIA,2024,135530
NIA,2024,135522
NIA,2024,135557
NIA,2024,135673
NIA,2024,135574
NIA,2024,135497
NIA,2024,135569
NIA,2024,135570
NIA,2024,135696
NIA,2024,135556
NIA,2024,135658
NIA,2024,135648
NIA,2024,135506
NIA,2024,135598
NIA,2024,135668
NIA,2024,135538
NIA,2024,135576
NIA,2024,135606
NIA,2024,135533
NIA,2024,135610
NIA,2024,135702
NIA,2024,135662
NIA,2024,135620
NIA,2024,135601
NIA,2024,135488
NIA,2024,135516
NIA,2024,135689
NIA,2024,135651
NIA,2024,135549
NIA,2024,135618
NIA,2024,135495
NIA,2024,135510
NIA,2024,137613
NIA,2024,135645
NIA,2024,135642
NIA,2024,135586
NIA,2024,138074
NIA,2024,135633
NIA,2024,135550
NIA,2024,135564
NIA,2024,135505
NIA,2024,135499
NIA,2024,135644
NIA,2024,135595
NIA,2024,135695
NIA,2024,135596
NIA,2024,137593
NIA,2024,135639
NIA,2024,135614
NIA,2024,135571
NIA,2024,135528
NIA,2024,135661
NIA,2024,135490
NIA,2024,135616
NIA,2024,135643
NIA,2024,135532
NIA,2024,135581
NIA,2024,135622
NIA,2024,137595
NIA,2024,135682
NIA,2024,135646
NIA,2024,135588
NIA,2024,135680
NIA,2024,135501
NIA,2024,135608
NIA,2024,135672
NIA,2024,135526
NIA,2024,135504
NIA,2024,135560
NIA,2024,135641
NIA,2024,135572
NIA,2024,135534
NIA,2024,135537
NIA,2024,135512
NIA,2024,138276
NIA,2024,135542
NIA,2024,135517
NIA,2024,135602
NIA,2024,135604
NIA,2024,135554
NIA,2024,135623
NIA,2024,135509
NIA,2024,137974
NIA,2024,135679
NIA,2024,137598
NIA,2024,135624
NIA,2024,135587
NIA,2024,135609
NIA,2024,135629
NIA,2024,135637
NIA,2024,135691
NIA,2024,135540
NIA,2024,135566
NIA,2024,135545
NIA,2024,135555
NIA,2024,135665
NIA,2024,135631
NIA,2024,135666
NIA,2024,135611
NIA,2024,135669
NIA,2024,137954
NIA,2024,135577
NIA,2024,135511
NIA,2024,135670
NIA,2024,135523
NIA,2024,135675
NIA,2024,135676
NIA,2024,135582
NIA,2024,135690
NIA,2024,135656
NIA,2024,137594
NIA,2024,135568
NIA,2024,135548
NIA,2024,135575
NIA,2024,135489
NIA,2024,135630
NIA,2024,135561
NIA,2024,135589
NIA,2024,135663
NIA,2024,135539
NIA,2024,135619
NIA,2024,135692
NIA,2024,135650
NIA,2024,135625
NIA,2024,135640
NIA,2024,135653
NIA,2024,135632
NIA,2024,135508
NIA,2024,135605
NIA,2024,135660
NIA,2024,138314
NIA,2024,135544
NIA,2024,135531
NIA,2024,135626
NIA,2024,135603
NIA,2024,135546
NIA,2024,135527
NIA,2024,135513
NIA,2024,135628
NIA,2024,135502
NIAAA,2024,135712
NIAAA,2024,135729
NIAAA,2024,135731
NIAAA,2024,135733
NIAAA,2024,135716
NIAAA,2024,138114
NIAAA,2024,135707
NIAAA,2024,135732
NIAAA,2024,135706
NIAAA,2024,135705
NIAAA,2024,135703
NIAAA,2024,135714
NIAAA,2024,135720
NIAAA,2024,135726
NIAAA,2024,135710
NIAAA,2024,135722
NIAAA,2024,135708
NIAAA,2024,135723
NIAAA,2024,135724
NIAAA,2024,135709
NIAAA,2024,135721
NIAAA,2024,135718
NIAAA,2024,135725
NIAAA,2024,135715
NIAAA,2024,135727
NIAAA,2024,135728
NIAAA,2024,135713
NIAAA,2024,135719
NIAAA,2024,135730
NIAAA,2024,135704
NIAAA,2024,135717
NIAID,2024,135740
NIAID,2024,135989
NIAID,2024,135748
NIAID,2024,135750
NIAID,2024,136083
NIAID,2024,136109
NIAID,2024,135931
NIAID,2024,135795
NIAID,2024,135990
NIAID,2024,136013
NIAID,2024,135926
NIAID,2024,135841
NIAID,2024,135983
NIAID,2024,136007
NIAID,2024,135987
NIAID,2024,135858
NIAID,2024,136099
NIAID,2024,136121
NIAID,2024,135993
NIAID,2024,137734
NIAID,2024,135972
NIAID,2024,135829
NIAID,2024,135939
NIAID,2024,136103
NIAID,2024,135965
NIAID,2024,135908
NIAID,2024,136025
NIAID,2024,135744
NIAID,2024,135896
NIAID,2024,136096
NIAID,2024,135809
NIAID,2024,136002
NIAID,2024,135910
NIAID,2024,135834
NIAID,2024,136085
NIAID,2024,135884
NIAID,2024,135948
NIAID,2024,135880
NIAID,2024,135797
NIAID,2024,135915
NIAID,2024,135755
NIAID,2024,135742
NIAID,2024,135826
NIAID,2024,135773
NIAID,2024,136092
NIAID,2024,135905
NIAID,2024,136091
NIAID,2024,135873
NIAID,2024,135941
NIAID,2024,136022
NIAID,2024,138435
NIAID,2024,135953
NIAID,2024,136003
NIAID,2024,136051
NIAID,2024,135849
NIAID,2024,135921
NIAID,2024,135911
NIAID,2024,135943
NIAID,2024,135984
NIAID,2024,136068
NIAID,2024,136111
NIAID,2024,136133
NIAID,2024,137634
NIAID,2024,135747
NIAID,2024,136147
NIAID,2024,136131
NIAID,2024,135950
NIAID,2024,135897
NIAID,2024,136078
NIAID,2024,135827
NIAID,2024,135869
NIAID,2024,135975
NIAID,2024,135885
NIAID,2024,135737
NIAID,2024,135894
NIAID,2024,137894
NIAID,2024,135830
NIAID,2024,135895
NIAID,2024,135779
NIAID,2024,136081
NIAID,2024,135996
NIAID,2024,135970
NIAID,2024,135974
NIAID,2024,136110
NIAID,2024,136073
NIAID,2024,136058
NIAID,2024,136006
NIAID,2024,135794
NIAID,2024,136016
NIAID,2024,135979
NIAID,2024,135862
NIAID,2024,135810
NIAID,2024,138094
NIAID,2024,135945
NIAID,2024,135787
NIAID,2024,135763
NIAID,2024,135927
NIAID,2024,136122
NIAID,2024,135771
NIAID,2024,136082
NIAID,2024,137854
NIAID,2024,136055
NIAID,2024,135982
NIAID,2024,135825
NIAID,2024,135933
NIAID,2024,136146
NIAID,2024,135833
NIAID,2024,137673
NIAID,2024,136071
NIAID,2024,136017
NIAID,2024,135892
NIAID,2024,135782
NIAID,2024,138434
NIAID,2024,137653
NIAID,2024,136035
NIAID,2024,135930
NIAID,2024,136012
NIAID,2024,135907
NIAID,2024,135967
NIAID,2024,136148
NIAID,2024,135781
NIAID,2024,136100
NIAID,2024,136036
NIAID,2024,136014
NIAID,2024,135859
NIAID,2024,135805
NIAID,2024,136105
NIAID,2024,135762
NIAID,2024,114452
NIAID,2024,135912
NIAID,2024,135934
NIAID,2024,135898
NIAID,2024,135761
NIAID,2024,136034
NIAID,2024,137193
NIAID,2024,135876
NIAID,2024,135824
NIAID,2024,136098
NIAID,2024,135999
NIAID,2024,135925
NIAID,2024,135778
NIAID,2024,136140
NIAID,2024,135803
NIAID,2024,135776
NIAID,2024,135886
NIAID,2024,135736
NIAID,2024,135918
NIAID,2024,135775
NIAID,2024,136066
NIAID,2024,135757
NIAID,2024,135784
NIAID,2024,135994
NIAID,2024,135735
NIAID,2024,135883
NIAID,2024,135746
NIAID,2024,135900
NIAID,2024,136134
NIAID,2024,135818
NIAID,2024,135820
NIAID,2024,135932
NIAID,2024,135899
NIAID,2024,135838
NIAID,2024,135940
NIAID,2024,136129
NIAID,2024,135848
NIAID,2024,136138
NIAID,2024,135847
NIAID,2024,136046
NIAID,2024,136113
NIAID,2024,135756
NIAID,2024,135919
NIAID,2024,135913
NIAID,2024,136075
NIAID,2024,135964
NIAID,2024,135868
NIAID,2024,135777
NIAID,2024,135946
NIAID,2024,136032
NIAID,2024,135759
NIAID,2024,136080
NIAID,2024,135904
NIAID,2024,135855
NIAID,2024,136126
NIAID,2024,136139
NIAID,2024,138454
NIAID,2024,136150
NIAID,2024,136143
NIAID,2024,136043
NIAID,2024,136028
NIAID,2024,135852
NIAID,2024,135844
NIAID,2024,135752
NIAID,2024,135916
NIAID,2024,137233
NIAID,2024,136015
NIAID,2024,135977
NIAID,2024,135875
NIAID,2024,135867
NIAID,2024,135856
NIAID,2024,135888
NIAID,2024,135753
NIAID,2024,136119
NIAID,2024,136010
NIAID,2024,135821
NIAID,2024,135920
NIAID,2024,136079
NIAID,2024,135767
NIAID,2024,135992
NIAID,2024,135802
NIAID,2024,136112
NIAID,2024,136023
NIAID,2024,135998
NIAID,2024,135947
NIAID,2024,135785
NIAID,2024,136145
NIAID,2024,135851
NIAID,2024,135791
NIAID,2024,135872
NIAID,2024,135839
NIAID,2024,135749
NIAID,2024,136005
NIAID,2024,135944
NIAID,2024,135758
NIAID,2024,135770
NIAID,2024,136044
NIAID,2024,136021
NIAID,2024,135840
NIAID,2024,135793
NIAID,2024,135935
NIAID,2024,135881
NIAID,2024,135790
NIAID,2024,136026
NIAID,2024,135955
NIAID,2024,135812
NIAID,2024,135879
NIAID,2024,136117
NIAID,2024,135928
NIAID,2024,136053
NIAID,2024,136124
NIAID,2024,135831
NIAID,2024,135738
NIAID,2024,135978
NIAID,2024,135991
NIAID,2024,135766
NIAID,2024,135962
NIAID,2024,137194
NIAID,2024,135968
NIAID,2024,135801
NIAID,2024,135973
NIAID,2024,136041
NIAID,2024,135769
NIAID,2024,135877
NIAID,2024,135817
NIAID,2024,135949
NIAID,2024,135957
NIAID,2024,135799
NIAID,2024,135969
NIAID,2024,136027
NIAID,2024,136088
NIAID,2024,136087
NIAID,2024,136142
NIAID,2024,136040
NIAID,2024,138436
NIAID,2024,136123
NIAID,2024,135874
NIAID,2024,137313
NIAID,2024,136144
NIAID,2024,135976
NIAID,2024,135764
NIAID,2024,135890
NIAID,2024,135798
NIAID,2024,135796
NIAID,2024,137633
NIAID,2024,135789
NIAID,2024,135760
NIAID,2024,136086
NIAID,2024,135815
NIAID,2024,136114
NIAID,2024,135891
NIAID,2024,135936
NIAID,2024,136095
NIAID,2024,136101
NIAID,2024,135806
NIAID,2024,136089
NIAID,2024,136125
NIAID,2024,135902
NIAID,2024,136077
NIAID,2024,135960
NIAID,2024,135871
NIAID,2024,136093
NIAID,2024,135924
NIAID,2024,135788
NIAID,2024,135985
NIAID,2024,135882
NIAID,2024,138034
NIAID,2024,135901
NIAID,2024,135836
NIAID,2024,136020
NIAID,2024,135938
NIAID,2024,136001
NIAID,2024,135819
NIAID,2024,135860
NIAID,2024,136030
NIAID,2024,135835
NIAID,2024,136106
NIAID,2024,135751
NIAID,2024,135995
NIAID,2024,136038
NIAID,2024,135853
NIAID,2024,137274
NIAID,2024,136120
NIAID,2024,136141
NIAID,2024,135981
NIAID,2024,135807
NIAID,2024,135922
NIAID,2024,135846
NIAID,2024,135772
NIAID,2024,135822
NIAID,2024,136024
NIAID,2024,136054
NIAID,2024,136104
NIAID,2024,135743
NIAID,2024,136136
NIAID,2024,135765
NIAID,2024,135783
NIAID,2024,135887
NIAID,2024,135739
NIAID,2024,135734
NIAID,2024,135800
NIAID,2024,136137
NIAID,2024,136009
NIAID,2024,135923
NIAID,2024,135961
NIAID,2024,135842
NIAID,2024,136149
NIAID,2024,136008
NIAID,2024,136069
NIAID,2024,135954
NIAID,2024,135980
NIAID,2024,136037
NIAID,2024,135914
NIAID,2024,135786
NIAID,2024,135903
NIAID,2024,135929
NIAID,2024,135997
NIAID,2024,135745
NIAID,2024,135828
NIAID,2024,135959
NIAID,2024,135986
NIAID,2024,135878
NIAID,2024,135857
NIAID,2024,135774
NIAID,2024,135741
NIAID,2024,135870
NIAID,2024,135768
NIAID,2024,136004
NIAID,2024,136094
NIAID,2024,136097
NIAID,2024,135942
NIAID,2024,136029
NIAID,2024,135850
NIAID,2024,136059
NIAID,2024,135958
NIAID,2024,135909
NIAID,2024,136067
NIAID,2024,136090
NIAID,2024,135951
NIAID,2024,136076
NIAID,2024,135937
NIAID,2024,136011
NIAID,2024,135889
NIAID,2024,135823
NIAID,2024,136116
NIAID,2024,136130
NIAID,2024,135811
NIAID,2024,135754
NIAID,2024,135906
NIAID,2024,135814
NIAID,2024,135804
NIAID,2024,135893
NIAID,2024,135780
NIAID,2024,135813
NIAID,2024,135963
NIAID,2024,136118
NIAID,2024,135792
NIAID,2024,136048
NIAID,2024,135952
NIAID,2024,135956
NIAMS,2024,136154
NIAMS,2024,136157
NIAMS,2024,136202
NIAMS,2024,136181
NIAMS,2024,136180
NIAMS,2024,136184
NIAMS,2024,136167
NIAMS,2024,136162
NIAMS,2024,136158
NIAMS,2024,136152
NIAMS,2024,136190
NIAMS,2024,136203
NIAMS,2024,136160
NIAMS,2024,136177
NIAMS,2024,136151
NIAMS,2024,136163
NIAMS,2024,136179
NIAMS,2024,136176
NIAMS,2024,136153
NIAMS,2024,136170
NIAMS,2024,136185
NIAMS,2024,136191
NIAMS,2024,136165
NIAMS,2024,136200
NIAMS,2024,136189
NIAMS,2024,136169
NIAMS,2024,136159
NIAMS,2024,136178
NIAMS,2024,136197
NIAMS,2024,136182
NIAMS,2024,136155
NIAMS,2024,136199
NIAMS,2024,136172
NIAMS,2024,136166
NIAMS,2024,136194
NIAMS,2024,136174
NIAMS,2024,136156
NIAMS,2024,136164
NIAMS,2024,136161
NIAMS,2024,136192
NIAMS,2024,136195
NIAMS,2024,136193
NIAMS,2024,136186
NIAMS,2024,136168
NIAMS,2024,136201
NIAMS,2024,136171
NIAMS,2024,136198
NIAMS,2024,136173
NIBIB,2024,137373
NIBIB,2024,136214
NIBIB,2024,136211
NIBIB,2024,136212
NIBIB,2024,136204
NIBIB,2024,136219
NIBIB,2024,136207
NIBIB,2024,136213
NIBIB,2024,136206
NIBIB,2024,136217
NIBIB,2024,136220
NIBIB,2024,136205
NIBIB,2024,136221
NIBIB,2024,137374
NIBIB,2024,136209
NIBIB,2024,136208
NIBIB,2024,136216
NIBIB,2024,136210
NIBIB,2024,136215
NIBIB,2024,136218
NICHD,2024,136260
NICHD,2024,136317
NICHD,2024,136326
NICHD,2024,136227
NICHD,2024,136334
NICHD,2024,136306
NICHD,2024,136224
NICHD,2024,136225
NICHD,2024,136310
NICHD,2024,136330
NICHD,2024,136252
NICHD,2024,136242
NICHD,2024,136300
NICHD,2024,136280
NICHD,2024,136255
NICHD,2024,136298
NICHD,2024,136344
NICHD,2024,136275
NICHD,2024,136299
NICHD,2024,136287
NICHD,2024,136284
NICHD,2024,136259
NICHD,2024,136335
NICHD,2024,136290
NICHD,2024,136285
NICHD,2024,136223
NICHD,2024,136343
NICHD,2024,136283
NICHD,2024,136229
NICHD,2024,136307
NICHD,2024,136237
NICHD,2024,136348
NICHD,2024,136292
NICHD,2024,136295
NICHD,2024,136261
NICHD,2024,134051
NICHD,2024,136272
NICHD,2024,136279
NICHD,2024,137956
NICHD,2024,136305
NICHD,2024,136253
NICHD,2024,136312
NICHD,2024,136333
NICHD,2024,136265
NICHD,2024,136250
NICHD,2024,136309
NICHD,2024,136337
NICHD,2024,136346
NICHD,2024,136263
NICHD,2024,136276
NICHD,2024,136232
NICHD,2024,136288
NICHD,2024,136323
NICHD,2024,136281
NICHD,2024,136304
NICHD,2024,136228
NICHD,2024,136331
NICHD,2024,136342
NICHD,2024,136231
NICHD,2024,136245
NICHD,2024,136318
NICHD,2024,136266
NICHD,2024,136257
NICHD,2024,136294
NICHD,2024,136338
NICHD,2024,136303
NICHD,2024,136296
NICHD,2024,136293
NICHD,2024,136315
NICHD,2024,136238
NICHD,2024,136341
NICHD,2024,136241
NICHD,2024,136244
NICHD,2024,136273
NICHD,2024,136336
NICHD,2024,136226
NICHD,2024,136301
NICHD,2024,136256
NICHD,2024,136316
NICHD,2024,136339
NICHD,2024,136270
NICHD,2024,136277
NICHD,2024,136308
NICHD,2024,136340
NICHD,2024,136345
NICHD,2024,136247
NICHD,2024,136320
NICHD,2024,136246
NICHD,2024,136322
NICHD,2024,136240
NICHD,2024,136222
NICHD,2024,136268
NICHD,2024,136332
NICHD,2024,136350
NICHD,2024,136254
NICHD,2024,136269
NICHD,2024,136249
NICHD,2024,136327
NICHD,2024,136328
NICHD,2024,136282
NICHD,2024,136286
NICHD,2024,136248
NICHD,2024,136267
NICHD,2024,136347
NICHD,2024,136325
NICHD,2024,136313
NICHD,2024,136321
NICHD,2024,136236
NICHD,2024,136243
NICHD,2024,136274
NICHD,2024,136349
NICHD,2024,136234
NICHD,2024,136251
NICHD,2024,136230
NICHD,2024,136314
NICHD,2024,136291
NICHD,2024,136352
NICHD,2024,136351
NICHD,2024,136289
NICHD,2024,136264
NICHD,2024,136329
NICHD,2024,136258
NIDA,2024,136385
NIDA,2024,136369
NIDA,2024,136377
NIDA,2024,136366
NIDA,2024,136378
NIDA,2024,136371
NIDA,2024,136395
NIDA,2024,136370
NIDA,2024,136401
NIDA,2024,136394
NIDA,2024,136379
NIDA,2024,136381
NIDA,2024,136380
NIDA,2024,136375
NIDA,2024,136364
NIDA,2024,136359
NIDA,2024,136357
NIDA,2024,136353
NIDA,2024,136400
NIDA,2024,136392
NIDA,2024,136355
NIDA,2024,136372
NIDA,2024,136402
NIDA,2024,136361
NIDA,2024,136390
NIDA,2024,136376
NIDA,2024,136373
NIDA,2024,136382
NIDA,2024,136396
NIDA,2024,136403
NIDA,2024,136356
NIDA,2024,136391
NIDA,2024,136358
NIDA,2024,136397
NIDA,2024,136365
NIDA,2024,136393
NIDA,2024,136384
NIDA,2024,136368
NIDA,2024,136399
NIDA,2024,136367
NIDA,2024,136387
NIDA,2024,136398
NIDA,2024,136362
NIDA,2024,136383
NIDA,2024,136354
NIDA,2024,136386
NIDA,2024,136388
NIDA,2024,136374
NIDA,2024,136389
NIDCD,2024,136408
NIDCD,2024,136418
NIDCD,2024,136422
NIDCD,2024,136410
NIDCD,2024,137934
NIDCD,2024,137916
NIDCD,2024,136407
NIDCD,2024,136414
NIDCD,2024,136412
NIDCD,2024,136416
NIDCD,2024,136420
NIDCD,2024,136413
NIDCD,2024,136424
NIDCD,2024,136411
NIDCD,2024,136404
NIDCD,2024,136406
NIDCD,2024,136417
NIDCD,2024,136419
NIDCD,2024,136409
NIDCD,2024,136415
NIDCD,2024,136405
NIDCR,2024,136439
NIDCR,2024,136441
NIDCR,2024,136451
NIDCR,2024,136433
NIDCR,2024,136467
NIDCR,2024,136461
NIDCR,2024,136463
NIDCR,2024,136427
NIDCR,2024,136457
NIDCR,2024,136469
NIDCR,2024,136471
NIDCR,2024,136453
NIDCR,2024,136434
NIDCR,2024,136470
NIDCR,2024,136444
NIDCR,2024,136430
NIDCR,2024,136458
NIDCR,2024,136456
NIDCR,2024,136466
NIDCR,2024,137814
NIDCR,2024,136436
NIDCR,2024,136464
NIDCR,2024,136426
NIDCR,2024,136448
NIDCR,2024,136447
NIDCR,2024,136428
NIDCR,2024,136445
NIDCR,2024,136431
NIDCR,2024,136432
NIDCR,2024,136429
NIDCR,2024,136462
NIDCR,2024,136459
NIDCR,2024,136438
NIDCR,2024,136460
NIDCR,2024,136452
NIDCR,2024,136449
NIDCR,2024,136442
NIDCR,2024,136435
NIDCR,2024,136468
NIDCR,2024,136443
NIDCR,2024,136450
NIDCR,2024,136465
NIDCR,2024,136454
NIDDK,2024,136688
NIDDK,2024,136654
NIDDK,2024,136546
NIDDK,2024,136506
NIDDK,2024,136561
NIDDK,2024,136623
NIDDK,2024,136664
NIDDK,2024,136527
NIDDK,2024,136472
NIDDK,2024,136641
NIDDK,2024,136650
NIDDK,2024,136595
NIDDK,2024,138494
NIDDK,2024,136639
NIDDK,2024,136658
NIDDK,2024,136614
NIDDK,2024,136493
NIDDK,2024,136597
NIDDK,2024,136526
NIDDK,2024,136592
NIDDK,2024,136584
NIDDK,2024,136479
NIDDK,2024,136511
NIDDK,2024,136505
NIDDK,2024,136512
NIDDK,2024,136504
NIDDK,2024,136515
NIDDK,2024,136562
NIDDK,2024,136631
NIDDK,2024,136533
NIDDK,2024,138275
NIDDK,2024,136679
NIDDK,2024,136649
NIDDK,2024,136580
NIDDK,2024,136520
NIDDK,2024,136577
NIDDK,2024,136492
NIDDK,2024,136605
NIDDK,2024,136661
NIDDK,2024,136685
NIDDK,2024,136563
NIDDK,2024,136498
NIDDK,2024,136494
NIDDK,2024,136629
NIDDK,2024,136624
NIDDK,2024,138294
NIDDK,2024,136678
NIDDK,2024,136615
NIDDK,2024,136634
NIDDK,2024,136648
NIDDK,2024,136539
NIDDK,2024,136655
NIDDK,2024,136646
NIDDK,2024,137293
NIDDK,2024,136514
NIDDK,2024,136534
NIDDK,2024,136601
NIDDK,2024,136620
NIDDK,2024,136610
NIDDK,2024,136642
NIDDK,2024,136564
NIDDK,2024,136572
NIDDK,2024,136617
NIDDK,2024,136651
NIDDK,2024,136478
NIDDK,2024,136544
NIDDK,2024,127000
NIDDK,2024,136483
NIDDK,2024,136500
NIDDK,2024,136594
NIDDK,2024,136602
NIDDK,2024,136497
NIDDK,2024,136532
NIDDK,2024,136643
NIDDK,2024,136581
NIDDK,2024,136518
NIDDK,2024,136491
NIDDK,2024,136670
NIDDK,2024,136476
NIDDK,2024,136673
NIDDK,2024,136484
NIDDK,2024,136589
NIDDK,2024,136490
NIDDK,2024,136619
NIDDK,2024,136638
NIDDK,2024,136612
NIDDK,2024,136536
NIDDK,2024,136547
NIDDK,2024,136545
NIDDK,2024,136529
NIDDK,2024,136537
NIDDK,2024,136657
NIDDK,2024,136690
NIDDK,2024,136686
NIDDK,2024,136689
NIDDK,2024,136523
NIDDK,2024,136626
NIDDK,2024,136548
NIDDK,2024,136609
NIDDK,2024,136647
NIDDK,2024,136566
NIDDK,2024,136477
NIDDK,2024,136668
NIDDK,2024,136590
NIDDK,2024,136555
NIDDK,2024,136489
NIDDK,2024,136608
NIDDK,2024,136622
NIDDK,2024,136618
NIDDK,2024,136516
NIDDK,2024,136475
NIDDK,2024,136487
NIDDK,2024,136557
NIDDK,2024,136542
NIDDK,2024,136588
NIDDK,2024,136540
NIDDK,2024,134050
NIDDK,2024,136682
NIDDK,2024,136496
NIDDK,2024,136558
NIDDK,2024,136582
NIDDK,2024,136553
NIDDK,2024,136521
NIDDK,2024,136603
NIDDK,2024,137213
NIDDK,2024,136666
NIDDK,2024,136508
NIDDK,2024,136598
NIDDK,2024,136499
NIDDK,2024,136681
NIDDK,2024,136662
NIDDK,2024,136616
NIDDK,2024,136473
NIDDK,2024,136687
NIDDK,2024,136579
NIDDK,2024,136535
NIDDK,2024,136669
NIDDK,2024,136541
NIDDK,2024,136627
NIDDK,2024,136677
NIDDK,2024,136552
NIDDK,2024,136672
NIDDK,2024,136674
NIDDK,2024,136680
NIDDK,2024,136583
NIDDK,2024,136586
NIDDK,2024,136513
NIDDK,2024,136501
NIDDK,2024,136556
NIDDK,2024,136621
NIDDK,2024,136600
NIDDK,2024,136628
NIDDK,2024,136593
NIDDK,2024,136495
NIDDK,2024,136507
NIDDK,2024,136636
NIDDK,2024,136585
NIDDK,2024,136644
NIDDK,2024,136635
NIDDK,2024,136675
NIDDK,2024,136591
NIDDK,2024,136481
NIDDK,2024,136599
NIDDK,2024,136575
NIDDK,2024,138277
NIDDK,2024,136606
NIDDK,2024,136568
NIDDK,2024,136485
NIDDK,2024,136660
NIDDK,2024,136574
NIDDK,2024,136522
NIDDK,2024,136554
NIDDK,2024,136480
NIDDK,2024,136632
NIDDK,2024,136482
NIDDK,2024,136550
NIDDK,2024,136510
NIDDK,2024,136567
NIDDK,2024,136637
NIDDK,2024,136640
NIDDK,2024,136525
NIDDK,2024,136538
NIDDK,2024,136684
NIDDK,2024,136524
NIDDK,2024,136486
NIDDK,2024,136559
NIDDK,2024,136570
NIDDK,2024,136659
NIDDK,2024,136667
NIDDK,2024,136543
NIDDK,2024,136531
NIDDK,2024,136576
NIDDK,2024,136607
NIDDK,2024,136676
NIDDK,2024,136551
NIDDK,2024,136665
NIDDK,2024,136573
NIDDK,2024,136587
NIDDK,2024,136517
NIDDK,2024,136663
NIDDK,2024,136569
NIDDK,2024,136565
NIDDK,2024,136528
NIDDK,2024,136502
NIDDK,2024,136645
NIDDK,2024,136683
NIDDK,2024,136596
NIDDK,2024,136503
NIDDK,2024,136611
NIDDK,2024,136613
NIDDK,2024,138474
NIDDK,2024,136530
NIDDK,2024,136571
NIDDK,2024,136656
NIDDK,2024,136488
NIDDK,2024,136625
NIDDK,2024,136671
NIDDK,2024,136509
NIDDK,2024,136549
NIEHS,2024,136732
NIEHS,2024,136818
NIEHS,2024,136724
NIEHS,2024,136766
NIEHS,2024,136739
NIEHS,2024,136743
NIEHS,2024,136797
NIEHS,2024,136731
NIEHS,2024,136798
NIEHS,2024,136770
NIEHS,2024,136799
NIEHS,2024,136812
NIEHS,2024,136747
NIEHS,2024,136772
NIEHS,2024,136823
NIEHS,2024,136819
NIEHS,2024,136737
NIEHS,2024,136816
NIEHS,2024,136830
NIEHS,2024,136771
NIEHS,2024,136768
NIEHS,2024,136721
NIEHS,2024,136821
NIEHS,2024,136836
NIEHS,2024,136829
NIEHS,2024,136744
NIEHS,2024,136701
NIEHS,2024,136692
NIEHS,2024,136740
NIEHS,2024,136802
NIEHS,2024,136728
NIEHS,2024,136698
NIEHS,2024,136791
NIEHS,2024,136741
NIEHS,2024,136736
NIEHS,2024,136742
NIEHS,2024,136719
NIEHS,2024,136750
NIEHS,2024,136776
NIEHS,2024,136804
NIEHS,2024,136790
NIEHS,2024,136800
NIEHS,2024,138134
NIEHS,2024,136753
NIEHS,2024,136754
NIEHS,2024,137955
NIEHS,2024,136832
NIEHS,2024,136699
NIEHS,2024,136727
NIEHS,2024,136767
NIEHS,2024,136746
NIEHS,2024,137794
NIEHS,2024,136755
NIEHS,2024,136822
NIEHS,2024,137714
NIEHS,2024,136785
NIEHS,2024,136705
NIEHS,2024,136720
NIEHS,2024,136752
NIEHS,2024,136779
NIEHS,2024,136745
NIEHS,2024,136714
NIEHS,2024,136693
NIEHS,2024,136734
NIEHS,2024,136712
NIEHS,2024,136780
NIEHS,2024,136697
NIEHS,2024,138054
NIEHS,2024,136730
NIEHS,2024,136761
NIEHS,2024,136715
NIEHS,2024,136828
NIEHS,2024,136694
NIEHS,2024,136726
NIEHS,2024,136733
NIEHS,2024,136807
NIEHS,2024,136827
NIEHS,2024,136757
NIEHS,2024,136810
NIEHS,2024,136749
NIEHS,2024,136837
NIEHS,2024,136758
NIEHS,2024,136716
NIEHS,2024,136738
NIEHS,2024,136831
NIEHS,2024,136825
NIEHS,2024,136764
NIEHS,2024,136833
NIEHS,2024,136826
NIEHS,2024,136691
NIEHS,2024,136702
NIEHS,2024,136763
NIEHS,2024,136773
NIEHS,2024,136710
NIEHS,2024,136783
NIEHS,2024,136708
NIEHS,2024,136824
NIEHS,2024,136775
NIEHS,2024,136794
NIEHS,2024,136789
NIEHS,2024,136735
NIEHS,2024,136703
NIEHS,2024,136815
NIEHS,2024,136820
NIEHS,2024,136787
NIEHS,2024,136729
NIEHS,2024,136788
NIEHS,2024,136786
NIEHS,2024,136809
NIEHS,2024,136700
NIEHS,2024,136801
NIEHS,2024,136760
NIEHS,2024,136781
NIEHS,2024,136835
NIEHS,2024,136704
NIEHS,2024,136725
NIEHS,2024,136718
NIEHS,2024,136803
NIEHS,2024,136834
NIEHS,2024,136713
NIEHS,2024,136765
NIEHS,2024,136769
NIEHS,2024,136756
NIEHS,2024,136805
NIEHS,2024,136751
NIEHS,2024,136782
NIEHS,2024,136795
NIEHS,2024,136817
NIEHS,2024,136696
NIEHS,2024,137834
NIEHS,2024,136723
NIEHS,2024,138274
NIEHS,2024,136711
NIEHS,2024,136813
NIEHS,2024,136717
NIEHS,2024,136778
NIEHS,2024,136811
NIEHS,2024,136784
NIEHS,2024,136695
NIEHS,2024,136777
NIEHS,2024,136762
NIEHS,2024,136792
NIEHS,2024,136793
NIEHS,2024,136706
NIEHS,2024,136748
NIEHS,2024,136774
NIEHS,2024,136707
NIEHS,2024,136806
NIEHS,2024,136759
NIGMS,2024,136838
NIMH,2024,136908
NIMH,2024,136915
NIMH,2024,136899
NIMH,2024,136864
NIMH,2024,136911
NIMH,2024,136890
NIMH,2024,136918
NIMH,2024,136875
NIMH,2024,136853
NIMH,2024,136872
NIMH,2024,136913
NIMH,2024,136867
NIMH,2024,136845
NIMH,2024,136868
NIMH,2024,136881
NIMH,2024,136851
NIMH,2024,136865
NIMH,2024,136900
NIMH,2024,136859
NIMH,2024,136901
NIMH,2024,136909
NIMH,2024,136858
NIMH,2024,136898
NIMH,2024,136879
NIMH,2024,136924
NIMH,2024,136877
NIMH,2024,136882
NIMH,2024,136919
NIMH,2024,136839
NIMH,2024,136849
NIMH,2024,136897
NIMH,2024,136925
NIMH,2024,136852
NIMH,2024,136902
NIMH,2024,136893
NIMH,2024,136855
NIMH,2024,136874
NIMH,2024,136873
NIMH,2024,136896
NIMH,2024,136850
NIMH,2024,136887
NIMH,2024,136885
NIMH,2024,136910
NIMH,2024,136871
NIMH,2024,136854
NIMH,2024,136886
NIMH,2024,136883
NIMH,2024,136841
NIMH,2024,136922
NIMH,2024,136843
NIMH,2024,136904
NIMH,2024,136846
NIMH,2024,136921
NIMH,2024,136906
NIMH,2024,136916
NIMH,2024,136848
NIMH,2024,136866
NIMH,2024,136907
NIMH,2024,136889
NIMH,2024,136892
NIMH,2024,136888
NIMH,2024,136862
NIMH,2024,136860
NIMH,2024,136914
NIMH,2024,136861
NIMH,2024,136894
NIMH,2024,136869
NIMH,2024,136905
NIMH,2024,136895
NIMH,2024,136857
NIMH,2024,136884
NIMH,2024,136926
NIMH,2024,136863
NIMH,2024,136840
NIMH,2024,137756
NIMH,2024,136891
NIMH,2024,136876
NIMH,2024,136878
NIMH,2024,136847
NIMH,2024,136844
NIMH,2024,136923
NIMH,2024,136920
NIMH,2024,136903
NIMH,2024,136842
NIMH,2024,136880
NIMH,2024,136870
NIMH,2024,136912
NIMHD,2024,136927
NIMHD,2024,136929
NIMHD,2024,136935
NIMHD,2024,136930
NIMHD,2024,136938
NIMHD,2024,136941
NIMHD,2024,136936
NIMHD,2024,136933
NIMHD,2024,136939
NIMHD,2024,136942
NIMHD,2024,136932
NIMHD,2024,136940
NIMHD,2024,136931
NIMHD,2024,136928
NIMHD,2024,136937
NINDS,2024,136967
NINDS,2024,136980
NINDS,2024,137586
NINDS,2024,137052
NINDS,2024,136943
NINDS,2024,137035
NINDS,2024,136970
NINDS,2024,137047
NINDS,2024,136982
NINDS,2024,137032
NINDS,2024,136992
NINDS,2024,136956
NINDS,2024,137003
NINDS,2024,137393
NINDS,2024,137028
NINDS,2024,137058
NINDS,2024,136983
NINDS,2024,137021
NINDS,2024,137024
NINDS,2024,136988
NINDS,2024,137005
NINDS,2024,136993
NINDS,2024,137011
NINDS,2024,137014
NINDS,2024,137022
NINDS,2024,137029
NINDS,2024,137019
NINDS,2024,136954
NINDS,2024,136969
NINDS,2024,136971
NINDS,2024,136955
NINDS,2024,136979
NINDS,2024,137002
NINDS,2024,137353
NINDS,2024,137057
NINDS,2024,137016
NINDS,2024,137051
NINDS,2024,136995
NINDS,2024,136994
NINDS,2024,136951
NINDS,2024,137033
NINDS,2024,136996
NINDS,2024,137026
NINDS,2024,136968
NINDS,2024,137034
NINDS,2024,137017
NINDS,2024,136963
NINDS,2024,136946
NINDS,2024,137027
NINDS,2024,137473
NINDS,2024,136952
NINDS,2024,137036
NINDS,2024,136974
NINDS,2024,137031
NINDS,2024,137043
NINDS,2024,137054
NINDS,2024,136965
NINDS,2024,137015
NINDS,2024,136944
NINDS,2024,137001
NINDS,2024,136990
NINDS,2024,137055
NINDS,2024,136961
NINDS,2024,136985
NINDS,2024,137006
NINDS,2024,137041
NINDS,2024,137018
NINDS,2024,136984
NINDS,2024,137007
NINDS,2024,136960
NINDS,2024,137030
NINDS,2024,137050
NINDS,2024,137045
NINDS,2024,137013
NINDS,2024,136964
NINDS,2024,136950
NINDS,2024,137053
NINDS,2024,136945
NINDS,2024,137040
NINDS,2024,137023
NINDS,2024,137039
NINDS,2024,136987
NINDS,2024,137020
NINDS,2024,137056
NINDS,2024,137004
NINDS,2024,136959
NINDS,2024,136978
NINDS,2024,136977
NINDS,2024,137008
NINDS,2024,136997
NINDS,2024,136958
NINDS,2024,137044
NINDS,2024,136998
NINDS,2024,136966
NINDS,2024,137000
NINDS,2024,137010
NINDS,2024,136991
NINDS,2024,137025
NINDS,2024,137048
NINDS,2024,136962
NINDS,2024,136986
NINDS,2024,136981
NINDS,2024,137037
NINDS,2024,137049
NINDS,2024,138536
NINR,2024,137061
NINR,2024,137060
NINR,2024,137059
NINR,2024,137754
NLM,2024,137086
NLM,2024,137088
NLM,2024,137074
NLM,2024,137874
NLM,2024,137077
NLM,2024,137082
NLM,2024,138374
NLM,2024,137066
NLM,2024,137064
NLM,2024,137065
NLM,2024,138375
NLM,2024,137087
NLM,2024,137070
NLM,2024,137069
NLM,2024,137083
NLM,2024,137071
NLM,2024,137063
NLM,2024,137079
NLM,2024,137084
NLM,2024,137132
NLM,2024,137073
NLM,2024,137068
NLM,2024,137067
NLM,2024,137076
NLM,2024,137080
NLM,2024,137755
NLM,2024,137078
