,pi,ro,collab,institute,scope
0,"Adam G Thomas, DPhil",Data Science and Sharing Team,"Chris Ian Baker, PhD",Section on Learning and Plasticity,NIMH
1,"Adam G Thomas, DPhil",Data Science and Sharing Team,Kurt  Braunlich,Section on Learning and Plasticity,NIMH
2,"Adam G Thomas, DPhil",Data Science and Sharing Team,"Melissa A Brotman, PhD, BA",Unit on Neuroscience and Novel Therapeutics,NIMH
3,"Adam G Thomas, DPhil",Data Science and Sharing Team,Meghan Elizabeth Byrne,Section on Development and Affective Neuroscience,NIMH
4,"Adam G Thomas, DPhil",Data Science and Sharing Team,Anthony Edward Galassi,Section on PET Neuroimaging Sciences,NIMH
5,"Adam G Thomas, DPhil",Data Science and Sharing Team,"Daniel R Glen, BS",Scientific and Statistical Computing Core,NIMH
6,"Adam G Thomas, DPhil",Data Science and Sharing Team,"Michael David Gregory, MD",Clinical and Translational Neuroscience Branch,NIMH
7,"Adam G Thomas, DPhil",Data Science and Sharing Team,Simone Paula Haller,Section on Development and Affective Neuroscience,NIMH
8,"Adam G Thomas, DPhil",Data Science and Sharing Team,"Mark H Histed, PhD",Unit on Neural Computation and Behavior,NIMH
9,"Adam G Thomas, DPhil",Data Science and Sharing Team,"Robert  Innis, MD, PhD",Section on PET Neuroimaging Sciences,NIMH
10,"Adam G Thomas, DPhil",Data Science and Sharing Team,"Shane  Kippenhan, BS, MS, PhD",Clinical and Translational Neuroscience Branch,NIMH
11,"Adam G Thomas, DPhil",Data Science and Sharing Team,Ka Chun  Lam,Machine Learning Core,NIMH
12,"Adam G Thomas, DPhil",Data Science and Sharing Team,"Siyuan  Liu, PhD",Section on Developmental Neurogenomics,NIMH
13,"Adam G Thomas, DPhil",Data Science and Sharing Team,"Stefano  Marenco, MD",Human Brain Collection Core,NIMH
14,"Adam G Thomas, DPhil",Data Science and Sharing Team,"Peter James Molfese, PhD",Functional MRI Core,NIMH
15,"Adam G Thomas, DPhil",Data Science and Sharing Team,"Dylan M Nielson, PhD",Machine Learning Core,NIMH
16,"Adam G Thomas, DPhil",Data Science and Sharing Team,"Allison Carol Nugent, PhD",Magnetoencephalography Core,NIMH
17,"Adam G Thomas, DPhil",Data Science and Sharing Team,"Francisco  Pereira, PhD",Machine Learning Core,NIMH
18,"Adam G Thomas, DPhil",Data Science and Sharing Team,"Daniel  Pine, MD",Section on Development and Affective Neuroscience,NIMH
19,"Adam G Thomas, DPhil",Data Science and Sharing Team,"Armin  Raznahan, MD, PhD",Section on Developmental Neurogenomics,NIMH
20,"Adam G Thomas, DPhil",Data Science and Sharing Team,"Richard C Reynolds, MS, MS",Scientific and Statistical Computing Core,NIMH
22,"Adam G Thomas, DPhil",Data Science and Sharing Team,"Vinai  Roopchansingh, PhD",Functional MRI Core,NIMH
23,"Adam G Thomas, DPhil",Data Science and Sharing Team,"Neda  Sadeghi, PhD",Section on Social and Cognitive Developmental Neuroscience,NIMH
24,"Adam G Thomas, DPhil",Data Science and Sharing Team,Stephen  Sinclair,Section on Neurobiology and Treatment of Mood Disorders,NIMH
25,"Adam G Thomas, DPhil",Data Science and Sharing Team,Jeffrey Donald Stout,Magnetoencephalography Core,NIMH
26,"Adam G Thomas, DPhil",Data Science and Sharing Team,"Paul Andrew Taylor, BS, PhD",Scientific and Statistical Computing Core,NIMH
27,"Adam G Thomas, DPhil",Data Science and Sharing Team,"Tonya Jo Hanson White, PhD, MD",Section on Social and Cognitive Developmental Neuroscience,NIMH
34,"Alex  Martin, PhD",Section on Cognitive Neuropsychology,"Chris Ian Baker, PhD",Section on Learning and Plasticity,NIMH
35,"Alex  Martin, PhD",Section on Cognitive Neuropsychology,"Peter A Bandettini, BS, PhD",Section on Functional Imaging Methods,NIMH
37,"Alex  Martin, PhD",Section on Cognitive Neuropsychology,"Elisha Prem Merriam, PhD",Computational Neuroimaging and Perception Team,NIMH
38,"Alex  Martin, PhD",Section on Cognitive Neuropsychology,"Peter James Molfese, PhD",Functional MRI Core,NIMH
39,"Alex  Martin, PhD",Section on Cognitive Neuropsychology,"Francisco  Pereira, PhD",Machine Learning Core,NIMH
40,"Alex  Martin, PhD",Section on Cognitive Neuropsychology,"Francisco  Pereira, PhD",Machine Learning Core,NIMH
46,"Allison Carol Nugent, PhD",Magnetoencephalography Core,"Chris Ian Baker, PhD",Section on Learning and Plasticity,NIMH
47,"Allison Carol Nugent, PhD",Magnetoencephalography Core,"Peter A Bandettini, BS, PhD",Section on Functional Imaging Methods,NIMH
48,"Allison Carol Nugent, PhD",Magnetoencephalography Core,"Karen F Berman, MD",Clinical and Translational Neuroscience Branch,NIMH
49,"Allison Carol Nugent, PhD",Magnetoencephalography Core,"George Raphael Dold, MS",Section on Instrumentation,NIMH
50,"Allison Carol Nugent, PhD",Magnetoencephalography Core,"Zheng  Li, PhD",Section on Synapse Development Plasticity,NIMH
52,"Allison Carol Nugent, PhD",Magnetoencephalography Core,"Alex  Martin, PhD",Section on Cognitive Neuropsychology,NIMH
53,"Allison Carol Nugent, PhD",Magnetoencephalography Core,"Lindsay Meredith Oberman, PhD",Unit on Non-invasive Neuromodulation,NIMH
54,"Allison Carol Nugent, PhD",Magnetoencephalography Core,"Francisco  Pereira, PhD",Machine Learning Core,NIMH
55,"Allison Carol Nugent, PhD",Magnetoencephalography Core,"Daniel  Pine, MD",Section on Development and Affective Neuroscience,NIMH
56,"Allison Carol Nugent, PhD",Magnetoencephalography Core,"Paul Andrew Taylor, BS, PhD",Scientific and Statistical Computing Core,NIMH
57,"Allison Carol Nugent, PhD",Magnetoencephalography Core,"Adam G Thomas, DPhil",Data Science and Sharing Team,NIMH
58,"Allison Carol Nugent, PhD",Magnetoencephalography Core,"Audrey E Thurm, PhD",Neurodevelopmental and Behavioral Phenotyping Service,NIMH
59,"Allison Carol Nugent, PhD",Magnetoencephalography Core,"Tonya Jo Hanson White, PhD, MD",Section on Social and Cognitive Developmental Neuroscience,NIMH
60,"Allison Carol Nugent, PhD",Magnetoencephalography Core,"Carlos Alberto Zarate, MD",Section on Neurobiology and Treatment of Mood Disorders,NIMH
61,"Allison Carol Nugent, PhD",Magnetoencephalography Core,"George Raphael Dold, MS",Section on Instrumentation,NIMH
72,Angela Jane Langdon,Unit on Neural Computations in Learning,"Veronica Alicia Alvarez, PhD",Section on Neurobiology of Compulsive Behaviors,NIMH
73,Angela Jane Langdon,Unit on Neural Computations in Learning,"Bruno B Averbeck, PhD",Section on Learning and Decision Making,NIMH
79,"Arash  Afraz, PhD","Unit on Neurons, Circuits and Behavior","Barry J Richmond, MD",Section on Neural Coding and Computation,NIMH
82,"Armin  Raznahan, MD, PhD",Section on Developmental Neurogenomics,"Stefano  Marenco, MD",Human Brain Collection Core,NIMH
83,"Armin  Raznahan, MD, PhD",Section on Developmental Neurogenomics,"Alex  Martin, PhD",Section on Cognitive Neuropsychology,NIMH
84,"Armin  Raznahan, MD, PhD",Section on Developmental Neurogenomics,"Francisco  Pereira, PhD",Machine Learning Core,NIMH
85,"Armin  Raznahan, MD, PhD",Section on Developmental Neurogenomics,"Adam G Thomas, DPhil",Data Science and Sharing Team,NIMH
99,"Ashura  Buckley, MD",Sleep and Neurodevelopment Service,"Cristan Ann Farmer, PhD",Neurodevelopmental and Behavioral Phenotyping Service,NIMH
100,"Ashura  Buckley, MD",Sleep and Neurodevelopment Service,"Kathleen R Merikangas, PhD",Section on Developmental Genetic Epidemiology,NIMH
131,"Audrey E Thurm, PhD",Neurodevelopmental and Behavioral Phenotyping Service,"Christopher Michael Bartley, MD",Translational Immunopsychiatry Unit,NIMH
132,"Audrey E Thurm, PhD",Neurodevelopmental and Behavioral Phenotyping Service,"Yogita  Chudasama, PhD",Rodent Behavioral Core,NIMH
134,"Audrey E Thurm, PhD",Neurodevelopmental and Behavioral Phenotyping Service,"Daniel  Pine, MD",Section on Development and Affective Neuroscience,NIMH
135,"Audrey E Thurm, PhD",Neurodevelopmental and Behavioral Phenotyping Service,"Armin  Raznahan, MD, PhD",Section on Developmental Neurogenomics,NIMH
136,"Audrey E Thurm, PhD",Neurodevelopmental and Behavioral Phenotyping Service,"Tonya Jo Hanson White, PhD, MD",Section on Social and Cognitive Developmental Neuroscience,NIMH
174,"Barry J Richmond, MD",Section on Neural Coding and Computation,"Gang  Chen, PhD",Scientific and Statistical Computing Core,NIMH
175,"Barry J Richmond, MD",Section on Neural Coding and Computation,"Robert  Innis, MD, PhD",Section on PET Neuroimaging Sciences,NIMH
176,"Barry J Richmond, MD",Section on Neural Coding and Computation,"Victor W Pike, PhD",Section on PET Radiopharmaceutical Sciences,NIMH
177,"Barry J Richmond, MD",Section on Neural Coding and Computation,"Sanjay  Telu, PhD",Section on PET Radiopharmaceutical Sciences,NIMH
186,"Benjamin H White, PhD",Section on Neural Function,"Bruno B Averbeck, PhD",Section on Learning and Decision Making,NIMH
198,"Bruno B Averbeck, PhD",Section on Learning and Decision Making,"Veronica Alicia Alvarez, PhD",Section on Neurobiology of Compulsive Behaviors,NIMH
200,"Bruno B Averbeck, PhD",Section on Learning and Decision Making,"Mario Alexander Penzo, PhD",Section on the Neural Circuits of Emotion and Motivation,NIMH
201,"Bruno B Averbeck, PhD",Section on Learning and Decision Making,"Daniel  Pine, MD",Section on Development and Affective Neuroscience,NIMH
202,"Bruno B Averbeck, PhD",Section on Learning and Decision Making,"Barry J Richmond, MD",Section on Neural Coding and Computation,NIMH
203,"Bruno B Averbeck, PhD",Section on Learning and Decision Making,"Hugo Alejandro Tejeda, PhD",Unit of Neuromodulation and Synaptic Integration,NIMH
208,"Carlos Alberto Zarate, MD",Section on Neurobiology and Treatment of Mood Disorders,"Ioline D Henter, MA",Section on PET Neuroimaging Sciences,NIMH
209,"Carlos Alberto Zarate, MD",Section on Neurobiology and Treatment of Mood Disorders,"Francis Joseph McMahon, MD",Section on the Genetic Basis of Mood and Anxiety Disorders,NIMH
210,"Carlos Alberto Zarate, MD",Section on Neurobiology and Treatment of Mood Disorders,"Kathleen R Merikangas, PhD",Section on Developmental Genetic Epidemiology,NIMH
211,"Carlos Alberto Zarate, MD",Section on Neurobiology and Treatment of Mood Disorders,"Allison Carol Nugent, PhD",Magnetoencephalography Core,NIMH
212,"Carlos Alberto Zarate, MD",Section on Neurobiology and Treatment of Mood Disorders,"Francisco  Pereira, PhD",Machine Learning Core,NIMH
213,"Carlos Alberto Zarate, MD",Section on Neurobiology and Treatment of Mood Disorders,"Ioline D Henter, MA",Section on PET Neuroimaging Sciences,NIMH
214,"Carlos Alberto Zarate, MD",Section on Neurobiology and Treatment of Mood Disorders,"Francis Joseph McMahon, MD",Section on the Genetic Basis of Mood and Anxiety Disorders,NIMH
215,"Carlos Alberto Zarate, MD",Section on Neurobiology and Treatment of Mood Disorders,"Kathleen R Merikangas, PhD",Section on Developmental Genetic Epidemiology,NIMH
216,"Carlos Alberto Zarate, MD",Section on Neurobiology and Treatment of Mood Disorders,"Allison Carol Nugent, PhD",Magnetoencephalography Core,NIMH
245,"Carlos Alberto Zarate, MD",Unit on Non-invasive Neuromodulation,"Elizabeth Day Ballard, PhD",Section on Neurobiology and Treatment of Mood Disorders,NIMH
246,"Carlos Alberto Zarate, MD",Unit on Non-invasive Neuromodulation,"Peter A Bandettini, BS, PhD",Section on Functional Imaging Methods,NIMH
247,"Carlos Alberto Zarate, MD",Unit on Non-invasive Neuromodulation,"George Raphael Dold, MS",Section on Instrumentation,NIMH
248,"Carlos Alberto Zarate, MD",Unit on Non-invasive Neuromodulation,"Cristan Ann Farmer, PhD",Neurodevelopmental and Behavioral Phenotyping Service,NIMH
249,"Carlos Alberto Zarate, MD",Unit on Non-invasive Neuromodulation,"Jessica  Gilbert, PhD",Section on Neurobiology and Treatment of Mood Disorders,NIMH
250,"Carlos Alberto Zarate, MD",Unit on Non-invasive Neuromodulation,"Silvia  Lopez-Guzman, MD, PhD",Unit on Computational Decision Neuroscience,NIMH
251,"Carlos Alberto Zarate, MD",Unit on Non-invasive Neuromodulation,"Allison Carol Nugent, PhD",Magnetoencephalography Core,NIMH
252,"Carlos Alberto Zarate, MD",Unit on Non-invasive Neuromodulation,"Francisco  Pereira, PhD",Machine Learning Core,NIMH
253,"Carlos Alberto Zarate, MD",Unit on Non-invasive Neuromodulation,"Daniel  Pine, MD",Section on Development and Affective Neuroscience,NIMH
254,"Carlos Alberto Zarate, MD",Unit on Non-invasive Neuromodulation,"Bruce Allen Pritchard, BSEE",Section on Instrumentation,NIMH
255,"Carlos Alberto Zarate, MD",Unit on Non-invasive Neuromodulation,"Audrey E Thurm, PhD",Neurodevelopmental and Behavioral Phenotyping Service,NIMH
256,"Carlos Alberto Zarate, MD",Unit on Non-invasive Neuromodulation,"Tonya Jo Hanson White, PhD, MD",Section on Social and Cognitive Developmental Neuroscience,NIMH
257,"Carlos Alberto Zarate, MD",Unit on Non-invasive Neuromodulation,"Carlos Alberto Zarate, MD",Section on Neurobiology and Treatment of Mood Disorders,NIMH
304,"Charles R Gerfen, PhD",Section on Neuroanatomy,"Lee E Eiden, PhD",Section on Molecular Neuroscience,NIMH
305,"Charles R Gerfen, PhD",Section on Neuroanatomy,"Soohyun  Lee, PhD",Section on Functional Neural Circuits,NIMH
306,"Charles R Gerfen, PhD",Section on Neuroanatomy,"Hugo Alejandro Tejeda, PhD",Unit of Neuromodulation and Synaptic Integration,NIMH
320,"Chris Ian Baker, PhD",Section on Learning and Plasticity,"Peter A Bandettini, BS, PhD",Section on Functional Imaging Methods,NIMH
321,"Chris Ian Baker, PhD",Section on Learning and Plasticity,"David A Leopold, PhD",Section on Cognitive Neurophysiology and Imaging,NIMH
322,"Chris Ian Baker, PhD",Section on Learning and Plasticity,"Alex  Martin, PhD",Section on Cognitive Neuropsychology,NIMH
323,"Chris Ian Baker, PhD",Section on Learning and Plasticity,"Elisha Prem Merriam, PhD",Computational Neuroimaging and Perception Team,NIMH
324,"Chris Ian Baker, PhD",Section on Learning and Plasticity,"Francisco  Pereira, PhD",Machine Learning Core,NIMH
338,"Christopher Michael Bartley, MD",Translational Immunopsychiatry Unit,Gena Lynne Carwile Mooneyham,Office of the Clinical Director,NIMH
339,"Christopher Michael Bartley, MD",Translational Immunopsychiatry Unit,"Stefano  Marenco, MD",Human Brain Collection Core,NIMH
340,"Christopher Michael Bartley, MD",Translational Immunopsychiatry Unit,"Pavan Kumar Auluck, MD, PhD",Human Brain Collection Core,NIMH
341,"Christopher Michael Bartley, MD",Translational Immunopsychiatry Unit,"Kathleen R Merikangas, PhD",Section on Developmental Genetic Epidemiology,NIMH
342,"Christopher Michael Bartley, MD",Translational Immunopsychiatry Unit,"Samer Saleh Hattar, PhD",Section on Light and Circadian Rhythms,NIMH
359,"Daniel  Pine, MD",Section on Development and Affective Neuroscience,"Bruno B Averbeck, PhD",Section on Learning and Decision Making,NIMH
360,"Daniel  Pine, MD",Section on Development and Affective Neuroscience,"Melissa A Brotman, PhD, BA",Unit on Neuroscience and Novel Therapeutics,NIMH
361,"Daniel  Pine, MD",Section on Development and Affective Neuroscience,"Silvia  Lopez-Guzman, MD, PhD",Unit on Computational Decision Neuroscience,NIMH
362,"Daniel  Pine, MD",Section on Development and Affective Neuroscience,"Bruno B Averbeck, PhD",Section on Learning and Decision Making,NIMH
371,"David A Leopold, PhD",Section on Cognitive Neurophysiology and Imaging,James Andrew Bourne,Section on Cellular and Cognitive Neurodevelopment,NIMH
372,"David A Leopold, PhD",Section on Cognitive Neurophysiology and Imaging,"Yogita  Chudasama, PhD",Rodent Behavioral Core,NIMH
373,"David A Leopold, PhD",Section on Cognitive Neurophysiology and Imaging,"Paul Andrew Taylor, BS, PhD",Scientific and Statistical Computing Core,NIMH
374,"David A Leopold, PhD",Section on Cognitive Neurophysiology and Imaging,James Andrew Bourne,Section on Cellular and Cognitive Neurodevelopment,NIMH
375,"David A Leopold, PhD",Section on Cognitive Neurophysiology and Imaging,"Yogita  Chudasama, PhD",Rodent Behavioral Core,NIMH
376,"David A Leopold, PhD",Section on Cognitive Neurophysiology and Imaging,"Soohyun  Lee, PhD",Section on Functional Neural Circuits,NIMH
377,"David A Leopold, PhD",Section on Cognitive Neurophysiology and Imaging,"Theodore B Usdin, MD, PhD",Systems Neuroscience Imaging Resource,NIMH
396,"Elisabeth Adams Murray, PhD",Section on Neurobiology of Learning and Memory,"Melissa A Brotman, PhD, BA",Unit on Neuroscience and Novel Therapeutics,NIMH
398,"Elisabeth Adams Murray, PhD",Section on Neurobiology of Learning and Memory,"Bruno B Averbeck, PhD",Section on Learning and Decision Making,NIMH
407,"Elisha Prem Merriam, PhD",Computational Neuroimaging and Perception Team,"Peter A Bandettini, BS, PhD",Section on Functional Imaging Methods,NIMH
408,"Elisha Prem Merriam, PhD",Computational Neuroimaging and Perception Team,James Andrew Bourne,Section on Cellular and Cognitive Neurodevelopment,NIMH
409,"Elisha Prem Merriam, PhD",Computational Neuroimaging and Perception Team,Grace Carolyn Alys Edwards,Section on Learning and Plasticity,NIMH
410,"Elisha Prem Merriam, PhD",Computational Neuroimaging and Perception Team,"Kathleen R Merikangas, PhD",Section on Developmental Genetic Epidemiology,NIMH
411,"Elisha Prem Merriam, PhD",Computational Neuroimaging and Perception Team,"Andrew Tyler Morgan, PhD",Functional MRI Core,NIMH
423,"Francis Joseph McMahon, MD",Section on the Genetic Basis of Mood and Anxiety Disorders,"Pavan Kumar Auluck, MD, PhD",Human Brain Collection Core,NIMH
424,"Francis Joseph McMahon, MD",Section on the Genetic Basis of Mood and Anxiety Disorders,"Karen F Berman, MD",Clinical and Translational Neuroscience Branch,NIMH
425,"Francis Joseph McMahon, MD",Section on the Genetic Basis of Mood and Anxiety Disorders,Daniel P Eisenberg,Clinical and Translational Neuroscience Branch,NIMH
426,"Francis Joseph McMahon, MD",Section on the Genetic Basis of Mood and Anxiety Disorders,"Stefano  Marenco, MD",Human Brain Collection Core,NIMH
427,"Francis Joseph McMahon, MD",Section on the Genetic Basis of Mood and Anxiety Disorders,"Armin  Raznahan, MD, PhD",Section on Developmental Neurogenomics,NIMH
428,"Francis Joseph McMahon, MD",Section on the Genetic Basis of Mood and Anxiety Disorders,"Theodore B Usdin, MD, PhD",Systems Neuroscience Imaging Resource,NIMH
429,"Francis Joseph McMahon, MD",Section on the Genetic Basis of Mood and Anxiety Disorders,"Kathleen R Merikangas, PhD",Section on Developmental Genetic Epidemiology,NIMH
430,"Francis Joseph McMahon, MD",Section on the Genetic Basis of Mood and Anxiety Disorders,"Theodore B Usdin, MD, PhD",Systems Neuroscience Imaging Resource,NIMH
431,"Francis Joseph McMahon, MD",Section on the Genetic Basis of Mood and Anxiety Disorders,"Sarah Kaye Williams, PhD",Systems Neuroscience Imaging Resource,NIMH
432,"Francis Joseph McMahon, MD",Section on the Genetic Basis of Mood and Anxiety Disorders,Mani  Yavi,Section on Neurobiology and Treatment of Mood Disorders,NIMH
433,"Francis Joseph McMahon, MD",Section on the Genetic Basis of Mood and Anxiety Disorders,"Carlos Alberto Zarate, MD",Section on Neurobiology and Treatment of Mood Disorders,NIMH
448,"Francisco  Pereira, PhD",Machine Learning Core,"Adam G Thomas, DPhil",Data Science and Sharing Team,NIMH
449,"Francisco  Pereira, PhD",Machine Learning Core,Martin Nikolai Hebart,Section on Learning and Plasticity,NIMH
450,"Francisco  Pereira, PhD",Machine Learning Core,"Chris Ian Baker, PhD",Section on Learning and Plasticity,NIMH
451,"Francisco  Pereira, PhD",Machine Learning Core,"Javier  Gonzalez-Castillo, PhD",Section on Functional Imaging Methods,NIMH
452,"Francisco  Pereira, PhD",Machine Learning Core,"Ana Rita Lourenco Inacio, PhD",Section on Functional Neural Circuits,NIMH
453,"Francisco  Pereira, PhD",Machine Learning Core,"Soohyun  Lee, PhD",Section on Functional Neural Circuits,NIMH
454,"Francisco  Pereira, PhD",Machine Learning Core,"Bruno B Averbeck, PhD",Section on Learning and Decision Making,NIMH
455,"Francisco  Pereira, PhD",Machine Learning Core,"Jason Aaron Avery, PhD",Section on Cognitive Neuropsychology,NIMH
456,"Francisco  Pereira, PhD",Machine Learning Core,"Elizabeth Day Ballard, PhD",Section on Neurobiology and Treatment of Mood Disorders,NIMH
458,"Francisco  Pereira, PhD",Machine Learning Core,Amaia  Benitez Andonegui,Magnetoencephalography Core,NIMH
459,"Francisco  Pereira, PhD",Machine Learning Core,"Melissa A Brotman, PhD, BA",Unit on Neuroscience and Novel Therapeutics,NIMH
462,"Francisco  Pereira, PhD",Machine Learning Core,Eric Allen Earl,Data Science and Sharing Team,NIMH
463,"Francisco  Pereira, PhD",Machine Learning Core,"Isabel Sofia Fernandez, BS",Section on Functional Imaging Methods,NIMH
464,"Francisco  Pereira, PhD",Machine Learning Core,Rodolfo Jesus Flores Garcia,Unit of Neuromodulation and Synaptic Integration,NIMH
465,"Francisco  Pereira, PhD",Machine Learning Core,Sunday Michelle Francis,Unit on Non-invasive Neuromodulation,NIMH
466,"Francisco  Pereira, PhD",Machine Learning Core,Samuel Erich Charles Frank,Section on Development and Affective Neuroscience,NIMH
467,"Francisco  Pereira, PhD",Machine Learning Core,Ramaris Elisa German,Unit on Neuroscience and Novel Therapeutics,NIMH
468,"Francisco  Pereira, PhD",Machine Learning Core,Alison Byrd Gibbons,Office of the Clinical Director,NIMH
469,"Francisco  Pereira, PhD",Machine Learning Core,Austin Matthew Greene,Section on Learning and Plasticity,NIMH
470,"Francisco  Pereira, PhD",Machine Learning Core,Simone Paula Haller,Section on Development and Affective Neuroscience,NIMH
471,"Francisco  Pereira, PhD",Machine Learning Core,"Daniel  Handwerker, PhD",Section on Functional Imaging Methods,NIMH
472,"Francisco  Pereira, PhD",Machine Learning Core,Lauren M Henry,Unit on Neuroscience and Novel Therapeutics,NIMH
473,"Francisco  Pereira, PhD",Machine Learning Core,"David Coulter Jangraw, PhD",Section on Development and Affective Neuroscience,NIMH
474,"Francisco  Pereira, PhD",Machine Learning Core,"Shruti A Japee, BS, MS, PhD",Section on Cognitive Neuropsychology,NIMH
477,"Francisco  Pereira, PhD",Machine Learning Core,Sharif Ismail Kronemer,Section on Functional Imaging Methods,NIMH
478,"Francisco  Pereira, PhD",Machine Learning Core,Zoe Fu Han Laky,Unit on Neuroscience and Novel Therapeutics,NIMH
480,"Francisco  Pereira, PhD",Machine Learning Core,Cassandra Marie Levesque,Section on Cognitive Neuropsychology,NIMH
481,"Francisco  Pereira, PhD",Machine Learning Core,"Zheng  Li, PhD",Section on Synapse Development Plasticity,NIMH
484,"Francisco  Pereira, PhD",Machine Learning Core,"Silvia  Lopez-Guzman, MD, PhD",Unit on Computational Decision Neuroscience,NIMH
486,"Francisco  Pereira, PhD",Machine Learning Core,"Ajeet  Mandal, PhD",Human Brain Collection Core,NIMH
487,"Francisco  Pereira, PhD",Machine Learning Core,"Stefano  Marenco, MD",Human Brain Collection Core,NIMH
488,"Francisco  Pereira, PhD",Machine Learning Core,"Alex  Martin, PhD",Section on Cognitive Neuropsychology,NIMH
489,"Francisco  Pereira, PhD",Machine Learning Core,"Francis Joseph McMahon, MD",Section on the Genetic Basis of Mood and Anxiety Disorders,NIMH
490,"Francisco  Pereira, PhD",Machine Learning Core,"Peter James Molfese, PhD",Functional MRI Core,NIMH
491,"Francisco  Pereira, PhD",Machine Learning Core,Reut  Naim,Unit on Neuroscience and Novel Therapeutics,NIMH
492,"Francisco  Pereira, PhD",Machine Learning Core,Matthias  Nau,Section on Learning and Plasticity,NIMH
493,"Francisco  Pereira, PhD",Machine Learning Core,"Allison Carol Nugent, PhD",Magnetoencephalography Core,NIMH
494,"Francisco  Pereira, PhD",Machine Learning Core,John Joseph O'malley,Section on the Neural Circuits of Emotion and Motivation,NIMH
495,"Francisco  Pereira, PhD",Machine Learning Core,"Lindsay Meredith Oberman, PhD",Unit on Non-invasive Neuromodulation,NIMH
496,"Francisco  Pereira, PhD",Machine Learning Core,"Mario Alexander Penzo, PhD",Section on the Neural Circuits of Emotion and Motivation,NIMH
497,"Francisco  Pereira, PhD",Machine Learning Core,Andrew Steven Persichetti,Section on Cognitive Neuropsychology,NIMH
498,"Francisco  Pereira, PhD",Machine Learning Core,"Daniel  Pine, MD",Section on Development and Affective Neuroscience,NIMH
500,"Francisco  Pereira, PhD",Machine Learning Core,"Armin  Raznahan, MD, PhD",Section on Developmental Neurogenomics,NIMH
501,"Francisco  Pereira, PhD",Machine Learning Core,Corey James Richier,Section on Development and Affective Neuroscience,NIMH
503,"Francisco  Pereira, PhD",Machine Learning Core,"Neda  Sadeghi, PhD",Section on Social and Cognitive Developmental Neuroscience,NIMH
505,"Francisco  Pereira, PhD",Machine Learning Core,"Peter J Schmidt, MD",Section on Behavioral Endocrinology,NIMH
506,"Francisco  Pereira, PhD",Machine Learning Core,Jacob Steinberg Shaw,Office of the Clinical Director,NIMH
507,"Francisco  Pereira, PhD",Machine Learning Core,Megan Anne Spurney,Section on Functional Imaging Methods,NIMH
509,"Francisco  Pereira, PhD",Machine Learning Core,Anna Lina  Teichmann,Section on Learning and Plasticity,NIMH
510,"Francisco  Pereira, PhD",Machine Learning Core,"Hugo Alejandro Tejeda, PhD",Unit of Neuromodulation and Synaptic Integration,NIMH
511,"Francisco  Pereira, PhD",Machine Learning Core,"Audrey E Thurm, PhD",Neurodevelopmental and Behavioral Phenotyping Service,NIMH
512,"Francisco  Pereira, PhD",Machine Learning Core,Catherine Ruth Elizabeth Walsh,Section on Functional Imaging Methods,NIMH
513,"Francisco  Pereira, PhD",Machine Learning Core,Shau-Ming  Wei,Section on Behavioral Endocrinology,NIMH
514,"Francisco  Pereira, PhD",Machine Learning Core,Anderson Marcelo Winkler,Section on Development and Affective Neuroscience,NIMH
515,"Francisco  Pereira, PhD",Machine Learning Core,Ma  Xiaoyu,Clinical and Translational Neuroscience Branch,NIMH
516,"Francisco  Pereira, PhD",Machine Learning Core,"Carlos Alberto Zarate, MD",Section on Neurobiology and Treatment of Mood Disorders,NIMH
518,"Francisco  Pereira, PhD",Machine Learning Core,Lu  Zhang,Section on Functional Neural Circuits,NIMH
519,"Francisco  Pereira, PhD",Machine Learning Core,Andre  Zugman,Section on Development and Affective Neuroscience,NIMH
554,"George Raphael Dold, MS",Section on Instrumentation,"Arash  Afraz, PhD","Unit on Neurons, Circuits and Behavior",NIMH
555,"George Raphael Dold, MS",Section on Instrumentation,"Bruno B Averbeck, PhD",Section on Learning and Decision Making,NIMH
556,"George Raphael Dold, MS",Section on Instrumentation,"Peter A Bandettini, BS, PhD",Section on Functional Imaging Methods,NIMH
557,"George Raphael Dold, MS",Section on Instrumentation,Siani Monet Barbosa,Section on Functional Neural Circuits,NIMH
558,"George Raphael Dold, MS",Section on Instrumentation,"Sean Paul Bradley, PhD",Rodent Behavioral Core,NIMH
559,"George Raphael Dold, MS",Section on Instrumentation,"Heather A Cameron, PhD",Section on Neuroplasticity,NIMH
560,"George Raphael Dold, MS",Section on Instrumentation,"Yogita  Chudasama, PhD",Rodent Behavioral Core,NIMH
561,"George Raphael Dold, MS",Section on Instrumentation,"Kevin  Cravedi, MS",Rodent Behavioral Core,NIMH
562,"George Raphael Dold, MS",Section on Instrumentation,"Zhi-De  Deng, PhD",Unit on Non-invasive Neuromodulation,NIMH
563,"George Raphael Dold, MS",Section on Instrumentation,Alice Marie Graham,Rodent Behavioral Core,NIMH
564,"George Raphael Dold, MS",Section on Instrumentation,"Jinsoo  Hong, MS, PhD",Section on PET Radiopharmaceutical Sciences,NIMH
565,"George Raphael Dold, MS",Section on Instrumentation,"Soohyun  Lee, PhD",Section on Functional Neural Circuits,NIMH
566,"George Raphael Dold, MS",Section on Instrumentation,"David A Leopold, PhD",Section on Cognitive Neurophysiology and Imaging,NIMH
568,"George Raphael Dold, MS",Section on Instrumentation,"Elisabeth Adams Murray, PhD",Section on Neurobiology of Learning and Memory,NIMH
569,"George Raphael Dold, MS",Section on Instrumentation,"Mario Alexander Penzo, PhD",Section on the Neural Circuits of Emotion and Motivation,NIMH
570,"George Raphael Dold, MS",Section on Instrumentation,"James M Pickel, PhD, AB",Transgenic Core,NIMH
571,"George Raphael Dold, MS",Section on Instrumentation,"Victor W Pike, PhD",Section on PET Radiopharmaceutical Sciences,NIMH
572,"George Raphael Dold, MS",Section on Instrumentation,"Dietmar  Plenz, PhD",Section on Critical Brain Dynamics,NIMH
573,"George Raphael Dold, MS",Section on Instrumentation,"Barry J Richmond, MD",Section on Neural Coding and Computation,NIMH
574,"George Raphael Dold, MS",Section on Instrumentation,"Vinai  Roopchansingh, PhD",Functional MRI Core,NIMH
575,"George Raphael Dold, MS",Section on Instrumentation,"Theodore B Usdin, MD, PhD",Systems Neuroscience Imaging Resource,NIMH
576,"George Raphael Dold, MS",Section on Instrumentation,"Benjamin H White, PhD",Section on Neural Function,NIMH
577,"George Raphael Dold, MS",Section on Instrumentation,Ma  Xiaoyu,Clinical and Translational Neuroscience Branch,NIMH
597,"Heather A Cameron, PhD",Section on Neuroplasticity,"Theodore B Usdin, MD, PhD",Systems Neuroscience Imaging Resource,NIMH
599,"Hugo Alejandro Tejeda, PhD",Unit of Neuromodulation and Synaptic Integration,"Bruno B Averbeck, PhD",Section on Learning and Decision Making,NIMH
600,"Hugo Alejandro Tejeda, PhD",Unit of Neuromodulation and Synaptic Integration,"Yogita  Chudasama, PhD",Rodent Behavioral Core,NIMH
601,"Hugo Alejandro Tejeda, PhD",Unit of Neuromodulation and Synaptic Integration,"Stefano  Marenco, MD",Human Brain Collection Core,NIMH
602,"Hugo Alejandro Tejeda, PhD",Unit of Neuromodulation and Synaptic Integration,"Mario Alexander Penzo, PhD",Section on the Neural Circuits of Emotion and Motivation,NIMH
603,"Hugo Alejandro Tejeda, PhD",Unit of Neuromodulation and Synaptic Integration,"Francisco  Pereira, PhD",Machine Learning Core,NIMH
604,"Hugo Alejandro Tejeda, PhD",Unit of Neuromodulation and Synaptic Integration,"Theodore B Usdin, MD, PhD",Systems Neuroscience Imaging Resource,NIMH
620,James Andrew Bourne,Section on Cellular and Cognitive Neurodevelopment,"David A Leopold, PhD",Section on Cognitive Neurophysiology and Imaging,NIMH
621,James Andrew Bourne,Section on Cellular and Cognitive Neurodevelopment,"Stefano  Marenco, MD",Human Brain Collection Core,NIMH
622,James Andrew Bourne,Section on Cellular and Cognitive Neurodevelopment,"Tobias David Merson, BA, BSc(Hons), PhD",Oligodendroglial Interactions Group,NIMH
623,James Andrew Bourne,Section on Cellular and Cognitive Neurodevelopment,"Theodore B Usdin, MD, PhD",Systems Neuroscience Imaging Resource,NIMH
652,"Jun  Shen, PhD",Section on Magnetic Resonance Spectroscopy,"Carlos Alberto Zarate, MD",Section on Neurobiology and Treatment of Mood Disorders,NIMH
660,"Karen F Berman, MD",Clinical and Translational Neuroscience Branch,"Bhaskar S Kolachana, PhD",Human Brain Collection Core,NIMH
665,"Kathleen R Merikangas, PhD",Section on Developmental Genetic Epidemiology,"Elizabeth Day Ballard, PhD",Section on Neurobiology and Treatment of Mood Disorders,NIMH
666,"Kathleen R Merikangas, PhD",Section on Developmental Genetic Epidemiology,"Francis Joseph McMahon, MD",Section on the Genetic Basis of Mood and Anxiety Disorders,NIMH
667,"Kathleen R Merikangas, PhD",Section on Developmental Genetic Epidemiology,"Carlos Alberto Zarate, MD",Section on Neurobiology and Treatment of Mood Disorders,NIMH
668,"Kathleen R Merikangas, PhD",Section on Developmental Genetic Epidemiology,"Yogita  Chudasama, PhD",Rodent Behavioral Core,NIMH
669,"Kathleen R Merikangas, PhD",Section on Developmental Genetic Epidemiology,"Samer Saleh Hattar, PhD",Section on Light and Circadian Rhythms,NIMH
671,"Kathleen R Merikangas, PhD",Section on Developmental Genetic Epidemiology,"Lisa Meryl Horowitz, PhD",Office of the Clinical Director,NIMH
713,"Krystal Heather Allen-Worthington, DVM, PhD, DACLAM",Veterinary Medicine and Resources Branch,"Arash  Afraz, PhD","Unit on Neurons, Circuits and Behavior",NIMH
714,"Krystal Heather Allen-Worthington, DVM, PhD, DACLAM",Veterinary Medicine and Resources Branch,"Veronica Alicia Alvarez, PhD",Section on Neurobiology of Compulsive Behaviors,NIMH
715,"Krystal Heather Allen-Worthington, DVM, PhD, DACLAM",Veterinary Medicine and Resources Branch,"Bruno B Averbeck, PhD",Section on Learning and Decision Making,NIMH
716,"Krystal Heather Allen-Worthington, DVM, PhD, DACLAM",Veterinary Medicine and Resources Branch,James Andrew Bourne,Section on Cellular and Cognitive Neurodevelopment,NIMH
717,"Krystal Heather Allen-Worthington, DVM, PhD, DACLAM",Veterinary Medicine and Resources Branch,"Heather A Cameron, PhD",Section on Neuroplasticity,NIMH
718,"Krystal Heather Allen-Worthington, DVM, PhD, DACLAM",Veterinary Medicine and Resources Branch,"Yogita  Chudasama, PhD",Rodent Behavioral Core,NIMH
719,"Krystal Heather Allen-Worthington, DVM, PhD, DACLAM",Veterinary Medicine and Resources Branch,"Lee E Eiden, PhD",Section on Molecular Neuroscience,NIMH
720,"Krystal Heather Allen-Worthington, DVM, PhD, DACLAM",Veterinary Medicine and Resources Branch,"Charles R Gerfen, PhD",Section on Neuroanatomy,NIMH
721,"Krystal Heather Allen-Worthington, DVM, PhD, DACLAM",Veterinary Medicine and Resources Branch,"Samer Saleh Hattar, PhD",Section on Light and Circadian Rhythms,NIMH
722,"Krystal Heather Allen-Worthington, DVM, PhD, DACLAM",Veterinary Medicine and Resources Branch,"Mark H Histed, PhD",Unit on Neural Computation and Behavior,NIMH
723,"Krystal Heather Allen-Worthington, DVM, PhD, DACLAM",Veterinary Medicine and Resources Branch,"Robert  Innis, MD, PhD",Section on PET Neuroimaging Sciences,NIMH
724,"Krystal Heather Allen-Worthington, DVM, PhD, DACLAM",Veterinary Medicine and Resources Branch,"Soohyun  Lee, PhD",Section on Functional Neural Circuits,NIMH
725,"Krystal Heather Allen-Worthington, DVM, PhD, DACLAM",Veterinary Medicine and Resources Branch,"David A Leopold, PhD",Section on Cognitive Neurophysiology and Imaging,NIMH
726,"Krystal Heather Allen-Worthington, DVM, PhD, DACLAM",Veterinary Medicine and Resources Branch,"Zheng  Li, PhD",Section on Synapse Development Plasticity,NIMH
727,"Krystal Heather Allen-Worthington, DVM, PhD, DACLAM",Veterinary Medicine and Resources Branch,"Tobias David Merson, BA, BSc(Hons), PhD",Oligodendroglial Interactions Group,NIMH
728,"Krystal Heather Allen-Worthington, DVM, PhD, DACLAM",Veterinary Medicine and Resources Branch,"Elisabeth Adams Murray, PhD",Section on Neurobiology of Learning and Memory,NIMH
729,"Krystal Heather Allen-Worthington, DVM, PhD, DACLAM",Veterinary Medicine and Resources Branch,"Mario Alexander Penzo, PhD",Section on the Neural Circuits of Emotion and Motivation,NIMH
730,"Krystal Heather Allen-Worthington, DVM, PhD, DACLAM",Veterinary Medicine and Resources Branch,"James M Pickel, PhD, AB",Transgenic Core,NIMH
731,"Krystal Heather Allen-Worthington, DVM, PhD, DACLAM",Veterinary Medicine and Resources Branch,"Dietmar  Plenz, PhD",Section on Critical Brain Dynamics,NIMH
732,"Krystal Heather Allen-Worthington, DVM, PhD, DACLAM",Veterinary Medicine and Resources Branch,"Barry J Richmond, MD",Section on Neural Coding and Computation,NIMH
733,"Krystal Heather Allen-Worthington, DVM, PhD, DACLAM",Veterinary Medicine and Resources Branch,"Jun  Shen, PhD",Molecular Imaging Branch,NIMH
734,"Krystal Heather Allen-Worthington, DVM, PhD, DACLAM",Veterinary Medicine and Resources Branch,"Hugo Alejandro Tejeda, PhD",Unit of Neuromodulation and Synaptic Integration,NIMH
735,"Krystal Heather Allen-Worthington, DVM, PhD, DACLAM",Veterinary Medicine and Resources Branch,"Theodore B Usdin, MD, PhD",Systems Neuroscience Imaging Resource,NIMH
737,"Lee E Eiden, PhD",Section on Molecular Neuroscience,"Charles R Gerfen, PhD",Section on Neuroanatomy,NIMH
738,"Lee E Eiden, PhD",Section on Molecular Neuroscience,"Hugo Alejandro Tejeda, PhD",Unit of Neuromodulation and Synaptic Integration,NIMH
739,"Lee E Eiden, PhD",Section on Molecular Neuroscience,"Theodore B Usdin, MD, PhD",Systems Neuroscience Imaging Resource,NIMH
751,"Mario Alexander Penzo, PhD",Section on the Neural Circuits of Emotion and Motivation,"Veronica Alicia Alvarez, PhD",Section on Neurobiology of Compulsive Behaviors,NIMH
752,"Mario Alexander Penzo, PhD",Section on the Neural Circuits of Emotion and Motivation,"Bruno B Averbeck, PhD",Section on Learning and Decision Making,NIMH
753,"Mario Alexander Penzo, PhD",Section on the Neural Circuits of Emotion and Motivation,"Samer Saleh Hattar, PhD",Section on Light and Circadian Rhythms,NIMH
754,"Mario Alexander Penzo, PhD",Section on the Neural Circuits of Emotion and Motivation,"Stefano  Marenco, MD",Human Brain Collection Core,NIMH
755,"Mario Alexander Penzo, PhD",Section on the Neural Circuits of Emotion and Motivation,"Francis Joseph McMahon, MD",Section on the Genetic Basis of Mood and Anxiety Disorders,NIMH
756,"Mario Alexander Penzo, PhD",Section on the Neural Circuits of Emotion and Motivation,"Hugo Alejandro Tejeda, PhD",Unit of Neuromodulation and Synaptic Integration,NIMH
761,"Mark H Histed, PhD",Unit on Neural Computation and Behavior,"Soohyun  Lee, PhD",Section on Functional Neural Circuits,NIMH
762,"Mark H Histed, PhD",Unit on Neural Computation and Behavior,"Bruno B Averbeck, PhD",Section on Learning and Decision Making,NIMH
772,"Maryland  Pao, BA, MD",Office of the Clinical Director,"Elizabeth Day Ballard, PhD",Section on Neurobiology and Treatment of Mood Disorders,NIMH
773,"Maryland  Pao, BA, MD",Office of the Clinical Director,"Peter A Bandettini, BS, PhD",Section on Functional Imaging Methods,NIMH
776,"Maryland  Pao, BA, MD",Office of the Clinical Director,"Cristan Ann Farmer, PhD",Neurodevelopmental and Behavioral Phenotyping Service,NIMH
777,"Maryland  Pao, BA, MD",Office of the Clinical Director,"Jian-Ping  He, MS",Section on Developmental Genetic Epidemiology,NIMH
778,"Maryland  Pao, BA, MD",Office of the Clinical Director,"Shruti A Japee, BS, MS, PhD",Section on Cognitive Neuropsychology,NIMH
780,"Maryland  Pao, BA, MD",Office of the Clinical Director,"Alex  Martin, PhD",Section on Cognitive Neuropsychology,NIMH
781,"Maryland  Pao, BA, MD",Office of the Clinical Director,"Francis Joseph McMahon, MD",Section on the Genetic Basis of Mood and Anxiety Disorders,NIMH
782,"Maryland  Pao, BA, MD",Office of the Clinical Director,"Kathleen R Merikangas, PhD",Section on Developmental Genetic Epidemiology,NIMH
783,"Maryland  Pao, BA, MD",Office of the Clinical Director,"Cheryl  Morse, BS, MS",Section on PET Radiopharmaceutical Sciences,NIMH
784,"Maryland  Pao, BA, MD",Office of the Clinical Director,"Allison Carol Nugent, PhD",Magnetoencephalography Core,NIMH
787,"Maryland  Pao, BA, MD",Office of the Clinical Director,"Armin  Raznahan, MD, PhD",Section on Developmental Neurogenomics,NIMH
789,"Maryland  Pao, BA, MD",Office of the Clinical Director,"Adam G Thomas, DPhil",Data Science and Sharing Team,NIMH
790,"Maryland  Pao, BA, MD",Office of the Clinical Director,"Audrey E Thurm, PhD",Neurodevelopmental and Behavioral Phenotyping Service,NIMH
886,"Maryland  Pao, BA, MD",Psychiatry Clinical Research Training,"Karen F Berman, MD",Clinical and Translational Neuroscience Branch,NIMH
888,"Maryland  Pao, BA, MD",Psychiatry Clinical Research Training,"Silvia  Lopez-Guzman, MD, PhD",Unit on Computational Decision Neuroscience,NIMH
889,"Maryland  Pao, BA, MD",Psychiatry Clinical Research Training,"Daniel  Pine, MD",Section on Development and Affective Neuroscience,NIMH
890,"Maryland  Pao, BA, MD",Psychiatry Clinical Research Training,"William Thomas Regenold, MD",Unit on Non-invasive Neuromodulation,NIMH
891,"Maryland  Pao, BA, MD",Psychiatry Clinical Research Training,"Tonya Jo Hanson White, PhD, MD",Section on Social and Cognitive Developmental Neuroscience,NIMH
892,"Maryland  Pao, BA, MD",Psychiatry Clinical Research Training,"Carlos Alberto Zarate, MD",Section on Neurobiology and Treatment of Mood Disorders,NIMH
900,"Melissa A Brotman, PhD, BA",Unit on Neuroscience and Novel Therapeutics,"Elisabeth Adams Murray, PhD",Section on Neurobiology of Learning and Memory,NIMH
901,"Melissa A Brotman, PhD, BA",Unit on Neuroscience and Novel Therapeutics,"Francisco  Pereira, PhD",Machine Learning Core,NIMH
902,"Melissa A Brotman, PhD, BA",Unit on Neuroscience and Novel Therapeutics,"Daniel  Pine, MD",Section on Development and Affective Neuroscience,NIMH
908,"Paul Andrew Parcon, MD, PhD",Molecular Imaging Branch,"Robert  Innis, MD, PhD",Section on PET Neuroimaging Sciences,NIMH
909,"Paul Andrew Taylor, BS, PhD",Scientific and Statistical Computing Core,"Chris Ian Baker, PhD",Section on Learning and Plasticity,NIMH
910,"Paul Andrew Taylor, BS, PhD",Scientific and Statistical Computing Core,"Peter A Bandettini, BS, PhD",Section on Functional Imaging Methods,NIMH
911,"Paul Andrew Taylor, BS, PhD",Scientific and Statistical Computing Core,"Karen F Berman, MD",Clinical and Translational Neuroscience Branch,NIMH
912,"Paul Andrew Taylor, BS, PhD",Scientific and Statistical Computing Core,"Melissa A Brotman, PhD, BA",Unit on Neuroscience and Novel Therapeutics,NIMH
913,"Paul Andrew Taylor, BS, PhD",Scientific and Statistical Computing Core,"Yogita  Chudasama, PhD",Rodent Behavioral Core,NIMH
916,"Paul Andrew Taylor, BS, PhD",Scientific and Statistical Computing Core,"David A Leopold, PhD",Section on Cognitive Neurophysiology and Imaging,NIMH
918,"Paul Andrew Taylor, BS, PhD",Scientific and Statistical Computing Core,"Stefano  Marenco, MD",Human Brain Collection Core,NIMH
919,"Paul Andrew Taylor, BS, PhD",Scientific and Statistical Computing Core,"Francisco  Pereira, PhD",Machine Learning Core,NIMH
920,"Paul Andrew Taylor, BS, PhD",Scientific and Statistical Computing Core,"Daniel  Pine, MD",Section on Development and Affective Neuroscience,NIMH
921,"Paul Andrew Taylor, BS, PhD",Scientific and Statistical Computing Core,"Barry J Richmond, MD",Section on Neural Coding and Computation,NIMH
922,"Paul Andrew Taylor, BS, PhD",Scientific and Statistical Computing Core,"Adam G Thomas, DPhil",Data Science and Sharing Team,NIMH
923,"Paul Andrew Taylor, BS, PhD",Scientific and Statistical Computing Core,"Tonya Jo Hanson White, PhD, MD",Section on Social and Cognitive Developmental Neuroscience,NIMH
958,"Peter A Bandettini, BS, PhD",Functional MRI Core,"Chris Ian Baker, PhD",Section on Learning and Plasticity,NIMH
959,"Peter A Bandettini, BS, PhD",Functional MRI Core,"Karen F Berman, MD",Clinical and Translational Neuroscience Branch,NIMH
960,"Peter A Bandettini, BS, PhD",Functional MRI Core,Lysianne Cynthia Diane Beynel,Unit on Non-invasive Neuromodulation,NIMH
961,"Peter A Bandettini, BS, PhD",Functional MRI Core,"Jennifer Wai Evans, PhD",Section on Neurobiology and Treatment of Mood Disorders,NIMH
963,"Peter A Bandettini, BS, PhD",Functional MRI Core,"Silvia  Lopez-Guzman, MD, PhD",Unit on Computational Decision Neuroscience,NIMH
964,"Peter A Bandettini, BS, PhD",Functional MRI Core,"Alex  Martin, PhD",Section on Cognitive Neuropsychology,NIMH
965,"Peter A Bandettini, BS, PhD",Functional MRI Core,"Elisha Prem Merriam, PhD",Computational Neuroimaging and Perception Team,NIMH
966,"Peter A Bandettini, BS, PhD",Functional MRI Core,"Daniel  Pine, MD",Section on Development and Affective Neuroscience,NIMH
967,"Peter A Bandettini, BS, PhD",Functional MRI Core,"Armin  Raznahan, MD, PhD",Section on Developmental Neurogenomics,NIMH
968,"Peter A Bandettini, BS, PhD",Functional MRI Core,John Brendan Welsh Ritchie,Section on Learning and Plasticity,NIMH
969,"Peter A Bandettini, BS, PhD",Functional MRI Core,"Peter J Schmidt, MD",Section on Behavioral Endocrinology,NIMH
970,"Peter A Bandettini, BS, PhD",Functional MRI Core,"Jun  Shen, PhD",Molecular Imaging Branch,NIMH
971,"Peter A Bandettini, BS, PhD",Functional MRI Core,"Tonya Jo Hanson White, PhD, MD",Section on Social and Cognitive Developmental Neuroscience,NIMH
972,"Peter A Bandettini, BS, PhD",Functional MRI Core,"Carlos Alberto Zarate, MD",Section on Neurobiology and Treatment of Mood Disorders,NIMH
1007,"Peter A Bandettini, BS, PhD",Section on Functional Imaging Methods,"Chris Ian Baker, PhD",Section on Learning and Plasticity,NIMH
1008,"Peter A Bandettini, BS, PhD",Section on Functional Imaging Methods,"Elizabeth Day Ballard, PhD",Section on Neurobiology and Treatment of Mood Disorders,NIMH
1009,"Peter A Bandettini, BS, PhD",Section on Functional Imaging Methods,"Gang  Chen, PhD",Scientific and Statistical Computing Core,NIMH
1010,"Peter A Bandettini, BS, PhD",Section on Functional Imaging Methods,Chung  Kan,Functional MRI Core,NIMH
1011,"Peter A Bandettini, BS, PhD",Section on Functional Imaging Methods,"Silvia  Lopez-Guzman, MD, PhD",Unit on Computational Decision Neuroscience,NIMH
1012,"Peter A Bandettini, BS, PhD",Section on Functional Imaging Methods,"Elisha Prem Merriam, PhD",Computational Neuroimaging and Perception Team,NIMH
1013,"Peter A Bandettini, BS, PhD",Section on Functional Imaging Methods,"Andrew Tyler Morgan, PhD",Functional MRI Core,NIMH
1014,"Peter A Bandettini, BS, PhD",Section on Functional Imaging Methods,"Francisco  Pereira, PhD",Machine Learning Core,NIMH
1015,"Peter A Bandettini, BS, PhD",Section on Functional Imaging Methods,Andrew Steven Persichetti,Section on Cognitive Neuropsychology,NIMH
1016,"Peter A Bandettini, BS, PhD",Section on Functional Imaging Methods,"Paul Andrew Taylor, BS, PhD",Scientific and Statistical Computing Core,NIMH
1017,"Peter A Bandettini, BS, PhD",Section on Functional Imaging Methods,"Adam G Thomas, DPhil",Data Science and Sharing Team,NIMH
1048,"Peter J Schmidt, MD",Section on Behavioral Endocrinology,"Karen F Berman, MD",Clinical and Translational Neuroscience Branch,NIMH
1049,"Peter J Schmidt, MD",Section on Behavioral Endocrinology,"Stefano  Marenco, MD",Human Brain Collection Core,NIMH
1050,"Peter J Schmidt, MD",Section on Behavioral Endocrinology,"Francisco  Pereira, PhD",Machine Learning Core,NIMH
1051,"Peter J Schmidt, MD",Section on Behavioral Endocrinology,"Karen F Berman, MD",Clinical and Translational Neuroscience Branch,NIMH
1052,"Peter J Schmidt, MD",Section on Behavioral Endocrinology,"Francisco  Pereira, PhD",Machine Learning Core,NIMH
1079,"Robert  Innis, MD, PhD",Section on PET Neuroimaging Sciences,"Barry J Richmond, MD",Section on Neural Coding and Computation,NIMH
1080,"Robert  Innis, MD, PhD",Section on PET Neuroimaging Sciences,"Carlos Alberto Zarate, MD",Section on Neurobiology and Treatment of Mood Disorders,NIMH
1081,"Robert  Innis, MD, PhD",Section on PET Neuroimaging Sciences,"Stefano  Marenco, MD",Human Brain Collection Core,NIMH
1082,"Robert  Innis, MD, PhD",Section on PET Neuroimaging Sciences,"Carlos Alberto Zarate, MD",Section on Neurobiology and Treatment of Mood Disorders,NIMH
1083,"Robert  Innis, MD, PhD",Section on PET Neuroimaging Sciences,"Adam G Thomas, DPhil",Data Science and Sharing Team,NIMH
1094,"Samer Saleh Hattar, PhD",Section on Light and Circadian Rhythms,"Yogita  Chudasama, PhD",Rodent Behavioral Core,NIMH
1095,"Samer Saleh Hattar, PhD",Section on Light and Circadian Rhythms,"Stefano  Marenco, MD",Human Brain Collection Core,NIMH
1096,"Samer Saleh Hattar, PhD",Section on Light and Circadian Rhythms,"Kathleen R Merikangas, PhD",Section on Developmental Genetic Epidemiology,NIMH
1097,"Samer Saleh Hattar, PhD",Section on Light and Circadian Rhythms,"Mario Alexander Penzo, PhD",Section on the Neural Circuits of Emotion and Motivation,NIMH
1098,"Samer Saleh Hattar, PhD",Section on Light and Circadian Rhythms,"Hugo Alejandro Tejeda, PhD",Unit of Neuromodulation and Synaptic Integration,NIMH
1115,"Silvia  Lopez-Guzman, MD, PhD",Unit on Computational Decision Neuroscience,"Daniel  Pine, MD",Section on Development and Affective Neuroscience,NIMH
1116,"Silvia  Lopez-Guzman, MD, PhD",Unit on Computational Decision Neuroscience,Corey Richard James Plate,Section on Learning and Decision Making,NIMH
1117,"Silvia  Lopez-Guzman, MD, PhD",Unit on Computational Decision Neuroscience,"Charles Yang Zheng, PhD",Machine Learning Core,NIMH
1127,"Soohyun  Lee, PhD",Section on Functional Neural Circuits,"Charles R Gerfen, PhD",Section on Neuroanatomy,NIMH
1128,"Soohyun  Lee, PhD",Section on Functional Neural Circuits,"Theodore B Usdin, MD, PhD",Systems Neuroscience Imaging Resource,NIMH
1129,"Soohyun  Lee, PhD",Section on Functional Neural Circuits,"Francisco  Pereira, PhD",Machine Learning Core,NIMH
1130,"Soohyun  Lee, PhD",Section on Functional Neural Circuits,"Christopher Michael Bartley, MD",Translational Immunopsychiatry Unit,NIMH
1131,"Soohyun  Lee, PhD",Section on Functional Neural Circuits,"George Raphael Dold, MS",Section on Instrumentation,NIMH
1135,"Stefano  Marenco, MD",Human Brain Collection Core,"Christopher Michael Bartley, MD",Translational Immunopsychiatry Unit,NIMH
1136,"Stefano  Marenco, MD",Human Brain Collection Core,"Karen F Berman, MD",Clinical and Translational Neuroscience Branch,NIMH
1137,"Stefano  Marenco, MD",Human Brain Collection Core,"Robert  Innis, MD, PhD",Molecular Imaging Branch,NIMH
1138,"Stefano  Marenco, MD",Human Brain Collection Core,"Francis Joseph McMahon, MD",Section on the Genetic Basis of Mood and Anxiety Disorders,NIMH
1139,"Stefano  Marenco, MD",Human Brain Collection Core,"Mario Alexander Penzo, PhD",Section on the Neural Circuits of Emotion and Motivation,NIMH
1140,"Stefano  Marenco, MD",Human Brain Collection Core,"Armin  Raznahan, MD, PhD",Section on Developmental Neurogenomics,NIMH
1141,"Stefano  Marenco, MD",Human Brain Collection Core,"Hugo Alejandro Tejeda, PhD",Unit of Neuromodulation and Synaptic Integration,NIMH
1192,"Susan G Amara, PhD",Transgenic Core,"Lee E Eiden, PhD",Section on Molecular Neuroscience,NIMH
1193,"Susan G Amara, PhD",Transgenic Core,"Charles R Gerfen, PhD",Section on Neuroanatomy,NIMH
1194,"Susan G Amara, PhD",Transgenic Core,"Samer Saleh Hattar, PhD",Section on Light and Circadian Rhythms,NIMH
1195,"Susan G Amara, PhD",Transgenic Core,"Zheng  Li, PhD",Section on Synapse Development Plasticity,NIMH
1196,"Susan G Amara, PhD",Transgenic Core,"Tobias David Merson, BA, BSc(Hons), PhD",Oligodendroglial Interactions Group,NIMH
1197,"Susan G Amara, PhD",Transgenic Core,"Mario Alexander Penzo, PhD",Section on the Neural Circuits of Emotion and Motivation,NIMH
1198,"Theodore B Usdin, MD, PhD; IRP Faculty",Systems Neuroscience Imaging Resource,"Charles R Gerfen, PhD",Section on Neuroanatomy,NIMH
1199,"Theodore B Usdin, MD, PhD; IRP Faculty",Systems Neuroscience Imaging Resource,"David A Leopold, PhD",Section on Cognitive Neurophysiology and Imaging,NIMH
1200,"Theodore B Usdin, MD, PhD; IRP Faculty",Systems Neuroscience Imaging Resource,James Andrew Bourne,Section on Cellular and Cognitive Neurodevelopment,NIMH
1201,"Theodore B Usdin, MD, PhD; IRP Faculty",Systems Neuroscience Imaging Resource,"Heather A Cameron, PhD",Section on Neuroplasticity,NIMH
1202,"Theodore B Usdin, MD, PhD; IRP Faculty",Systems Neuroscience Imaging Resource,"Samer Saleh Hattar, PhD",Section on Light and Circadian Rhythms,NIMH
1203,"Theodore B Usdin, MD, PhD; IRP Faculty",Systems Neuroscience Imaging Resource,"Francis Joseph McMahon, MD",Section on the Genetic Basis of Mood and Anxiety Disorders,NIMH
1204,"Theodore B Usdin, MD, PhD; IRP Faculty",Systems Neuroscience Imaging Resource,"Tobias David Merson, BA, BSc(Hons), PhD",Oligodendroglial Interactions Group,NIMH
1205,"Theodore B Usdin, MD, PhD; IRP Faculty",Systems Neuroscience Imaging Resource,"Hugo Alejandro Tejeda, PhD",Unit of Neuromodulation and Synaptic Integration,NIMH
1206,"Theodore B Usdin, MD, PhD; IRP Faculty",Systems Neuroscience Imaging Resource,"Carlos Alberto Zarate, MD",Section on Neurobiology and Treatment of Mood Disorders,NIMH
1211,"Tobias David Merson, BA, BSc(Hons), PhD",Oligodendroglial Interactions Group,"Theodore B Usdin, MD, PhD",Systems Neuroscience Imaging Resource,NIMH
1212,"Tobias David Merson, BA, BSc(Hons), PhD",Oligodendroglial Interactions Group,"Sarah Kaye Williams, PhD",Systems Neuroscience Imaging Resource,NIMH
1213,"Tobias David Merson, BA, BSc(Hons), PhD",Oligodendroglial Interactions Group,Vitaly P Boyko,Systems Neuroscience Imaging Resource,NIMH
1214,"Tobias David Merson, BA, BSc(Hons), PhD",Oligodendroglial Interactions Group,"Yogita  Chudasama, PhD",Rodent Behavioral Core,NIMH
1215,"Tobias David Merson, BA, BSc(Hons), PhD",Oligodendroglial Interactions Group,"Christopher Michael Bartley, MD",Translational Immunopsychiatry Unit,NIMH
1216,"Tobias David Merson, BA, BSc(Hons), PhD",Oligodendroglial Interactions Group,"George Raphael Dold, MS",Section on Instrumentation,NIMH
1217,"Tobias David Merson, BA, BSc(Hons), PhD",Oligodendroglial Interactions Group,"Snehashis  Roy, PhD",Systems Neuroscience Imaging Resource,NIMH
1218,"Tobias David Merson, BA, BSc(Hons), PhD",Oligodendroglial Interactions Group,Eric Browning Saglio,Section on Instrumentation,NIMH
1231,"Tonya Jo Hanson White, PhD, MD",Section on Social and Cognitive Developmental Neuroscience,"Peter A Bandettini, BS, PhD",Functional MRI Core,NIMH
1232,"Tonya Jo Hanson White, PhD, MD",Section on Social and Cognitive Developmental Neuroscience,"Ashura  Buckley, MD",Sleep and Neurodevelopment Service,NIMH
1233,"Tonya Jo Hanson White, PhD, MD",Section on Social and Cognitive Developmental Neuroscience,Dustin Eaton Moraczewski,Data Science and Sharing Team,NIMH
1234,"Tonya Jo Hanson White, PhD, MD",Section on Social and Cognitive Developmental Neuroscience,"Lindsay Meredith Oberman, PhD",Unit on Non-invasive Neuromodulation,NIMH
1235,"Tonya Jo Hanson White, PhD, MD",Section on Social and Cognitive Developmental Neuroscience,"Adam G Thomas, DPhil",Data Science and Sharing Team,NIMH
1236,"Tonya Jo Hanson White, PhD, MD",Section on Social and Cognitive Developmental Neuroscience,"Audrey E Thurm, PhD",Neurodevelopmental and Behavioral Phenotyping Service,NIMH
1261,"Veronica Alicia Alvarez, PhD",Section on Neurobiology of Compulsive Behaviors,"Bruno B Averbeck, PhD",Section on Learning and Decision Making,NIMH
1276,"Victor W Pike, PhD",Section on PET Radiopharmaceutical Sciences,"George Raphael Dold, MS",Section on Instrumentation,NIMH
1277,"Victor W Pike, PhD",Section on PET Radiopharmaceutical Sciences,"Robert  Innis, MD, PhD",Section on PET Neuroimaging Sciences,NIMH
1278,"Victor W Pike, PhD",Section on PET Radiopharmaceutical Sciences,"Barry J Richmond, MD",Section on Neural Coding and Computation,NIMH
1293,"Yogita  Chudasama, PhD",Rodent Behavioral Core,"George Raphael Dold, MS",Section on Instrumentation,NIMH
1294,"Yogita  Chudasama, PhD",Rodent Behavioral Core,"Samer Saleh Hattar, PhD",Section on Light and Circadian Rhythms,NIMH
1295,"Yogita  Chudasama, PhD",Rodent Behavioral Core,"David A Leopold, PhD",Section on Cognitive Neurophysiology and Imaging,NIMH
1296,"Yogita  Chudasama, PhD",Rodent Behavioral Core,"Mario Alexander Penzo, PhD",Section on the Neural Circuits of Emotion and Motivation,NIMH
1297,"Yogita  Chudasama, PhD",Rodent Behavioral Core,Eric Browning Saglio,Section on Instrumentation,NIMH
1298,"Yogita  Chudasama, PhD",Rodent Behavioral Core,"Hugo Alejandro Tejeda, PhD",Unit of Neuromodulation and Synaptic Integration,NIMH
1299,"Yogita  Chudasama, PhD",Rodent Behavioral Core,"Audrey E Thurm, PhD",Neurodevelopmental and Behavioral Phenotyping Service,NIMH
1310,"Yogita  Chudasama, PhD",Section on Behavioral Neuroscience,"Karen F Berman, MD",Clinical and Translational Neuroscience Branch,NIMH
1311,"Yogita  Chudasama, PhD",Section on Behavioral Neuroscience,"George Raphael Dold, MS",Section on Instrumentation,NIMH
1312,"Yogita  Chudasama, PhD",Section on Behavioral Neuroscience,"Samer Saleh Hattar, PhD",Section on Light and Circadian Rhythms,NIMH
1313,"Yogita  Chudasama, PhD",Section on Behavioral Neuroscience,"David A Leopold, PhD",Section on Cognitive Neurophysiology and Imaging,NIMH
1314,"Yogita  Chudasama, PhD",Section on Behavioral Neuroscience,"Kathleen R Merikangas, PhD",Section on Developmental Genetic Epidemiology,NIMH
1315,"Yogita  Chudasama, PhD",Section on Behavioral Neuroscience,Eric Browning Saglio,Section on Instrumentation,NIMH
1316,"Yogita  Chudasama, PhD",Section on Behavioral Neuroscience,"Peter J Schmidt, MD",Section on Behavioral Endocrinology,NIMH
1317,"Yogita  Chudasama, PhD",Section on Behavioral Neuroscience,"Hugo Alejandro Tejeda, PhD",Unit of Neuromodulation and Synaptic Integration,NIMH
1318,"Yogita  Chudasama, PhD",Section on Behavioral Neuroscience,"Audrey E Thurm, PhD",Neurodevelopmental and Behavioral Phenotyping Service,NIMH
1322,"Zheng  Li, PhD",Section on Synapse Development Plasticity,"Daniel  Pine, MD",Section on Development and Affective Neuroscience,NIMH
